grammar-name	direct-children	direct-parents
absolute-source-import-specifier	slash|source-mec-path|source-mec-path-wildcard-suffix	source-import-specifier
abstract-el	abstract-sigil|paragraph-newline|space-tab0	section-element
abstract-sigil	none	abstract-el
activation-arm	expression|guard-operator|left-brace|list-separator|mech-code|output-operator|pattern|right-brace|statement-separator|whitespace0|whitespace1	activation-scope
activation-scope	activation-arm|async-transition-operator|expression|left-brace|mech-code|period|right-brace|whitespace0	mech-code-alt
add	plus|ws0e	add-sub-operator
add-assign-operator	whitespace0	op-assign-operator
add-sub-operator	add|subtract	l3
aliased-item-import	import-alias-operator|module-import-alias|module-import-path|module-root|slash	module-import
alignment-separator	center-alignment|left-alignment|no-alignment|right-alignment|space-tab0	mechdown-table-header
alpha	none	alpha-token|subtitle
alpha-token	alpha	alphanumeric|context-address-path-token|context-base-resource-uri|context-capability-path-token|context-import-alias-segment|escaped-char|grammar-identifier|hexadecimal-literal|identifier|identifier-path-segment|raw-text|source-import-uri-scheme|source-path-component-token|text|ul-subtitle|uri-scheme-part
alphanumeric	alpha-token|digit-token	citation|reference|section-reference
ampersand	none	identifier-symbol|symbol
and	ws0e	logic-operator
any	none	any-token|code-block
any-token	any	comment|grammar-terminal-token|source-import-tail
apostrophe	none	punctuation|transpose
argument-list	call-arg|call-arg-with-binding|left-parenthesis|list-separator|right-parenthesis	fsm|function-call
assign-operator	whitespace0	invariant-define|variable-assign|variable-define
asterisk	none	context-capability-path-token|context-capability-scope|grammar-repeat0|identifier-path-segment-emoji|identifier-symbol|kind-any|module-suffix-import|paragraph-text|source-mec-path-wildcard-suffix|symbol|thematic-break|wildcard
async-transition-operator	whitespace0	activation-scope|fsm-async-transition
at	none	context-base-context|context-declaration|module-import-context-alias|prefixed-context-path|symbol
atom	colon|identifier	fsm-state-definition|literal
backslash	none	equation|escaped-char|identifier-symbol|inline-equation|matrix-solve|symbol
bar	none	enum-separator|figures-row|function-match-arm|grammar-expression|guard-operator|kind-table|matrix-comprehension|mechdown-table-header|mechdown-table-row|paragraph-text|set-comprehension|symbol|table-separator
bare-source-import-specifier	source-mec-path|source-mec-path-wildcard-suffix	source-import-specifier
binary-literal	digit-sequence	real-number|untyped-real-number
binding	colon|comma|expression|identifier|kind-annotation|whitespace0	record
blank-line	new-line|space-tab0	section
body	section|whitespace0	program
boolean	false-literal|true-literal	literal
box-bl	none	box-drawing-char|box-drawing-emoji|function-match-arm|guard-operator
box-bl-bold	none	box-drawing-char|box-drawing-emoji
box-bl-round	none	box-drawing-char|box-drawing-emoji
box-br	none	matrix-end|table-end
box-br-bold	none	matrix-end|table-end
box-br-round	none	box-drawing-emoji|matrix-end|table-end
box-cross	none	box-drawing-char|box-drawing-emoji
box-drawing-char	box-bl|box-bl-bold|box-bl-round|box-cross|box-horz|box-t-bottom|box-t-left|box-t-right|box-t-top|box-tl|box-tl-bold|box-tr|box-tr-bold|box-tr-round|box-vert	matrix|matrix-row|row-separator|table-top
box-drawing-emoji	box-bl|box-bl-bold|box-bl-round|box-br-round|box-cross|box-horz|box-t-bottom|box-t-left|box-t-right|box-t-top|box-tl|box-tl-bold|box-tl-round|box-tr|box-tr-bold|box-tr-round|box-vert|box-vert-bold	forbidden-emoji
box-horz	none	box-drawing-char|box-drawing-emoji|table-horz
box-t-bottom	none	box-drawing-char|box-drawing-emoji
box-t-left	none	box-drawing-char|box-drawing-emoji|function-match-arm|guard-operator
box-t-right	none	box-drawing-char|box-drawing-emoji
box-t-top	none	box-drawing-char|box-drawing-emoji
box-tl	none	box-drawing-char|box-drawing-emoji|matrix-start|table-start
box-tl-bold	none	box-drawing-char|box-drawing-emoji|matrix-start|table-start
box-tl-round	none	box-drawing-emoji|matrix-start|table-start
box-tr	none	box-drawing-char|box-drawing-emoji
box-tr-bold	none	box-drawing-char|box-drawing-emoji
box-tr-round	none	box-drawing-char|box-drawing-emoji
box-vert	none	box-drawing-char|box-drawing-emoji|guard-operator|matrix-column|table-separator
box-vert-bold	none	box-drawing-emoji|matrix-column|table-separator
brace-subscript	formula-subscript|left-brace|list-separator|range-subscript|right-brace|select-all	subscript
bracket-subscript	formula-subscript|left-bracket|list-separator|range-subscript|right-bracket|select-all	subscript
call-arg	expression	argument-list|fsm-args
call-arg-with-binding	colon|expression|identifier|whitespace0	argument-list|fsm-args
caret	none	identifier-symbol|power|symbol
carriage-return	none	new-line
carriage-return-new-line	none	new-line
cd-rpl	none	parse-repl-command
center-alignment	colon|dash	alignment-separator
check-list	check-list-item|sublist	mechdown-list|sublist
check-list-item	checked-item|unchecked-item	check-list
check-mark	none	true-literal
checked-item	dash|left-bracket|paragraph-newline|right-bracket	check-list-item
citation	alphanumeric|colon|left-bracket|paragraph|right-bracket|whitespace0	section-element
clc-rpl	none	parse-repl-command
clear-rpl	none	parse-repl-command
code-block	any|codeblock-sigil|left-brace|new-line|option-map|space-tab0|text|whitespace0	section-element
code-rpl	none	parse-repl-command
code-terminal	comment|mika-section-close|new-line|right-brace|semicolon|space-tab0|whitespace0	fsm-block-transition|mech-code
codeblock-sigil	grave-codeblock-sigil|tilde-codeblock-sigil	code-block
colon	none	atom|binding|call-arg-with-binding|center-alignment|citation|context-capability-declaration|empty-map|enum-variant|footnote|identifier-path-segment-emoji|import-alias-operator|kind-atom|kind-map|kind-matrix|kind-scalar|kind-set|kind-table|left-alignment|mapping|option-mapping|parse-repl-command|pattern-atom-struct|punctuation|right-alignment|select-all|title-front-matter|tuple-struct
comma	none	binding|grammar-list|grammar-term|identifier-path-segment-emoji|list-separator|mapping|matrix-column|option-mapping|punctuation|swizzle-subscript|table-column
comment	any-token|comment-sigil|new-line|space-tab	code-terminal|fsm-comment-arm|mech-code-alt
comment-sigil	none	comment|divide|raw-subtract
comparison-operator	equal-to|greater-than|greater-than-equal|less-than|less-than-equal|not-equal|strict-equal|strict-not-equal	l2
complement	ws0e	set-operator
complex-number	dash|plus|untyped-real-number	number
comprehension-qualifier	expression|generator|variable-define	matrix-comprehension|set-comprehension
context-address-path	context-address-path-token	prefixed-context-path
context-address-path-token	alpha-token|dash|digit-token|period|slash|underscore	context-address-path
context-base-context	at|identifier	context-declaration
context-base-resource-uri	alpha-token|dash|digit-token|period|slash|underscore	context-declaration
context-capability-declaration	colon|context-capability-scope|identifier|left-parenthesis|right-parenthesis	context-declaration
context-capability-path	context-capability-path-token	context-capability-scope
context-capability-path-token	alpha-token|asterisk|dash|digit-token|period|slash|underscore	context-capability-path
context-capability-scope	asterisk|context-capability-path	context-capability-declaration
context-declaration	at|context-base-context|context-base-resource-uri|context-capability-declaration|define-operator|identifier|left-brace|list-separator|right-brace|whitespace0	statement
context-import-alias-segment	alpha-token|dash|digit-token	module-import-context-alias
context-send	expression|send-operator|var	statement
cross	none	false-literal
cross-product	ws0e	matrix-operator
dash	none	center-alignment|checked-item|complex-number|context-address-path-token|context-base-resource-uri|context-capability-path-token|context-import-alias-segment|grammar-identifier|identifier-path-segment|identifier-symbol|left-alignment|negate-factor|no-alignment|raw-subtract|real-number|right-alignment|scientific-literal|source-path-component-token|symbol|table-horz|ul-subtitle|unchecked-item|unordered-list-item|untyped-real-number|uri-scheme-part
decimal-literal	digit-sequence	real-number|untyped-real-number
define-operator	whitespace0	context-declaration|enum-define|fsm-declare|fsm-specification|function-define-statements|grammar-rule|invariant-define|kind-define|op-assign|paragraph-text|tuple-destructure|variable-assign|variable-define
difference	ws0e	set-operator
digit	none	digit-token|subtitle
digit-sequence	digit-token|underscore-digit	binary-literal|decimal-literal|float-decimal-start|float-full|octal-literal|typed-integer|untyped-integer
digit-token	digit	alphanumeric|context-address-path-token|context-base-resource-uri|context-capability-path-token|context-import-alias-segment|digit-sequence|grammar-identifier|hexadecimal-literal|identifier|identifier-path-segment|raw-text|source-path-component-token|text|ul-subtitle|underscore-digit|uri-scheme-part
div-assign-operator	whitespace0	op-assign-operator
divide	comment-sigil|slash|ws0e	mul-div-operator
docs-rpl	none	parse-repl-command
dollar	none	identifier-symbol|symbol
dot-product	ws0e	matrix-operator
dot-subscript	identifier|period	subscript
dot-subscript-int	integer-literal|period	subscript
element-of	ws0e	set-operator
emoji	emoji-grapheme|forbidden-emoji	identifier|identifier-path-segment-emoji|raw-text|text|unordered-list-item
emoji-grapheme	none	emoji
emphasis	emphasis-sigil|paragraph-element	paragraph-element
emphasis-sigil	none	emphasis
empty	underscore	empty-set|literal
empty-map	colon|left-brace|right-brace|whitespace0	structure
empty-paragraph	none	mechdown-table-row
empty-set	empty|left-brace|right-brace|whitespace0	structure
english-false-literal	none	false-literal
english-true-literal	none	true-literal
enum-define	define-operator|enum-separator|enum-variant|identifier|left-angle|right-angle	statement
enum-separator	bar|whitespace0	enum-define|pattern-array-token
enum-variant	colon|enum-variant-inline-kind|enum-variant-kind|grave|identifier	enum-define
enum-variant-inline-kind	kind-annotation	enum-variant
enum-variant-kind	kind-annotation|left-parenthesis|right-parenthesis	enum-variant
equal	none	function-define-statements|identifier-path-segment-emoji|import-alias-operator|symbol|title|title-front-matter
equal-to	ws0e	comparison-operator
equation	backslash|equation-sigil|text	section-element
equation-sigil	none	equation|inline-equation|paragraph-text
error-alt-sigil	none	error-block
error-block	error-alt-sigil|error-sigil|float-sigil|paragraph-newline|space-tab0	not-mech-code|section-element
error-sigil	none	error-block|subtitle
escaped-char	alpha-token|backslash|punctuation|symbol	text
eval-inline-mech-code	expression|left-brace|right-brace|whitespace0	paragraph-element
exclamation	none	invariant-define|not|punctuation
exp-assign-operator	whitespace0	op-assign-operator
export-declaration	identifier|module-export-sigil|whitespace0|whitespace1	statement
expression	formula|fsm-pipe|match-arm|matrix-comprehension|period|question|range-expression|set-comprehension|whitespace0	activation-arm|activation-scope|binding|call-arg|call-arg-with-binding|comprehension-qualifier|context-send|eval-inline-mech-code|function-match-arm|generator|inline-table-row|invariant-define|mapping|match-arm|matrix-column|matrix-comprehension|mech-code-alt|op-assign|pattern|set|set-comprehension|table-column|table-row|table-row2|tuple|tuple-destructure|tuple-struct|variable-assign|variable-define
factor	function-call|literal|matrix-comprehension|negate-factor|not-factor|parenthetical-term|slice|structure|transpose|var	l7|match-expression|negate-factor|not-factor
false-literal	cross|english-false-literal	boolean
fancy-table	fancy-table-header|new-line|row-separator|table-row2|table-separator|table-top	table
fancy-table-header	field|table-separator|whitespace0	fancy-table
field	identifier|kind-annotation	fancy-table-header
figure-item	img	figures-row
figures	figures-row	section-element|title-front-matter
figures-row	bar|figure-item|space-tab0|whitespace0	figures
float	float-sigil|section-element|space-tab0	not-mech-code|section-element
float-decimal-start	digit-sequence|period	float-literal
float-full	digit-sequence|period	float-literal
float-left	none	float-sigil
float-literal	float-decimal-start|float-full	real-number|scientific-literal|untyped-real-number
float-right	none	float-sigil
float-sigil	float-left|float-right	error-block|float|quote-block|success-block|warning-block
footnote	colon|footnote-prefix|paragraph-newline|right-bracket|text|whitespace0	section-element
footnote-prefix	none	footnote|footnote-reference|paragraph-text
footnote-reference	footnote-prefix|right-bracket|text	paragraph-element
forbidden-emoji	box-drawing-emoji|left-angle2|mika-section-close|mika-section-open|nbsp|right-angle2|thin-space	emoji|raw-text|text
formula	l1	expression|formula-subscript|parenthetical-term|range-expression
formula-subscript	formula	brace-subscript|bracket-subscript
fsm	argument-list|hashtag|identifier|kind-annotation	fsm-declare
fsm-args	call-arg|call-arg-with-binding|left-parenthesis|list-separator|right-parenthesis	fsm-instance
fsm-arm	fsm-comment-arm|fsm-guard-arm|fsm-transition|whitespace0	fsm-implementation
fsm-async-transition	async-transition-operator|fsm-value	fsm-guard|fsm-pipe|fsm-transition
fsm-block-transition	code-terminal|left-brace|mech-code-alt|right-brace|transition-operator|whitespace0	fsm-guard|fsm-transition
fsm-comment-arm	comment	fsm-arm
fsm-declare	define-operator|fsm|fsm-pipe	statement
fsm-guard	fsm-async-transition|fsm-block-transition|fsm-output|fsm-state-transition|fsm-statement-transition|guard-operator|pattern	fsm-guard-arm
fsm-guard-arm	fsm-guard|pattern	fsm-arm
fsm-implementation	fsm-arm|fsm-value|hashtag|identifier|left-parenthesis|list-separator|period|right-parenthesis|transition-operator|var|whitespace0	mech-code-alt
fsm-instance	fsm-args|hashtag|identifier	fsm-pipe
fsm-output	fsm-value|output-operator	fsm-guard|fsm-pipe|fsm-transition
fsm-pipe	fsm-async-transition|fsm-instance|fsm-output|fsm-state-transition	expression|fsm-declare
fsm-specification	define-operator|fsm-state-definition|hashtag|identifier|kind-annotation|left-parenthesis|list-separator|output-operator|period|right-parenthesis|var	mech-code-alt
fsm-state-definition	atom|fsm-state-definition-variables|guard-operator|whitespace0	fsm-specification
fsm-state-definition-variables	left-parenthesis|list-separator|right-parenthesis|var	fsm-state-definition
fsm-state-transition	fsm-value|transition-operator	fsm-guard|fsm-pipe|fsm-transition
fsm-statement-transition	statement|transition-operator	fsm-guard|fsm-transition
fsm-transition	fsm-async-transition|fsm-block-transition|fsm-output|fsm-state-transition|fsm-statement-transition|pattern	fsm-arm
fsm-value	pattern	fsm-async-transition|fsm-implementation|fsm-output|fsm-state-transition
full-join	ws0e	table-operator
function-arg	identifier|kind-annotation	function-define|function-out-arg|function-out-args
function-call	argument-list|identifier	factor
function-define	function-arg|function-define-match-arms|function-define-statements|identifier|left-parenthesis|list-separator|right-parenthesis|whitespace0	mech-code-alt
function-define-match-arms	function-match-arm|kind-annotation|output-operator|period|statement-separator|whitespace0|whitespace1	function-define
function-define-statements	define-operator|equal|function-out-arg|function-out-args|period|statement|statement-separator|whitespace0|whitespace1	function-define
function-match-arm	bar|box-bl|box-t-left|expression|output-operator|pattern|statement-separator|whitespace0|whitespace1	function-define-match-arms
function-out-arg	function-arg	function-define-statements
function-out-args	function-arg|left-parenthesis|list-separator|right-parenthesis	function-define-statements
gen-operator	whitespace0	none
generator	expression|generator-arrow|generator-arrow-u|pattern|space-tab0	comprehension-qualifier
generator-arrow	whitespace0	generator|less-than
generator-arrow-u	whitespace0	generator
grammar	grammar-rule|new-line	parse-grammar
grammar-definition	grammar-identifier	grammar-factor
grammar-expression	bar|grammar-term	grammar-group|grammar-rule
grammar-factor	grammar-definition|grammar-group|grammar-list|grammar-not|grammar-optional|grammar-peek|grammar-range|grammar-repeat0|grammar-repeat1|grammar-terminal	grammar-list|grammar-not|grammar-optional|grammar-peek|grammar-repeat0|grammar-repeat1|grammar-term
grammar-group	grammar-expression|left-parenthesis|right-parenthesis	grammar-factor
grammar-identifier	alpha-token|dash|digit-token	grammar-definition|grammar-rule
grammar-list	comma|grammar-factor|left-bracket|right-bracket	grammar-factor
grammar-not	grammar-factor|negate	grammar-factor
grammar-optional	grammar-factor|question	grammar-factor
grammar-peek	grammar-factor|right-angle	grammar-factor
grammar-range	grammar-terminal-token|period	grammar-factor
grammar-repeat0	asterisk|grammar-factor	grammar-factor
grammar-repeat1	grammar-factor|plus	grammar-factor
grammar-rule	define-operator|grammar-expression|grammar-identifier|semicolon	grammar
grammar-term	comma|grammar-factor	grammar-expression
grammar-terminal	grammar-terminal-token	grammar-factor
grammar-terminal-token	any-token|quote	grammar-range|grammar-terminal
grave	none	enum-variant|inline-code|paragraph-text|pattern-tuple-struct|symbol
grave-codeblock-sigil	none	codeblock-sigil|inline-code
greater-than	right-angle1|ws0e	comparison-operator
greater-than-equal	ws0e	comparison-operator
grouping-symbol	left-angle|left-brace|left-bracket|left-parenthesis|right-angle|right-brace|right-bracket|right-parenthesis	raw-text|text
guard-operator	bar|box-bl|box-t-left|box-vert|whitespace0	activation-arm|fsm-guard|fsm-state-definition|match-arm
hashtag	none	fsm|fsm-implementation|fsm-instance|fsm-specification|identifier-symbol|step-rpl|symbol
header-field	identifier|kind-annotation	inline-table-header|table-header
help-rpl	none	parse-repl-command
hexadecimal-literal	alpha-token|digit-token|underscore	real-number|untyped-real-number
highlight	highlight-sigil|paragraph-element	paragraph-element
highlight-sigil	none	highlight|paragraph-text
http-prefix	none	paragraph-text|raw-hyperlink
hyperlink	inline-paragraph|left-bracket|left-parenthesis|right-bracket|right-parenthesis|text	paragraph-element
idea-block	idea-sigil|paragraph-newline|space-tab0	not-mech-code|section-element
idea-sigil	none	idea-block|paragraph
identifier	alpha-token|digit-token|emoji|identifier-symbol	atom|binding|call-arg-with-binding|context-base-context|context-capability-declaration|context-declaration|dot-subscript|enum-define|enum-variant|export-declaration|field|fsm|fsm-implementation|fsm-instance|fsm-specification|function-arg|function-call|function-define|header-field|invariant-define|kind-atom|kind-define|kind-record|kind-scalar|kind-table|option-mapping|option-value|pattern-atom-struct|pattern-tuple-struct|slice|slice-ref|swizzle-subscript|title-front-matter|tuple-destructure|tuple-struct|typed-integer|var
identifier-path-segment	alpha-token|dash|digit-token|identifier-path-segment-emoji	module-import-alias-segment|module-import-name-segment|module-root|prefixed-context-path
identifier-path-segment-emoji	asterisk|colon|comma|emoji|equal|left-brace|new-line|right-brace|slash|space|tab|underscore	identifier-path-segment
identifier-symbol	ampersand|asterisk|backslash|caret|dash|dollar|hashtag|percent|plus|slash|tilde	identifier
img	img-prefix|inline-paragraph|left-parenthesis|option-map|right-bracket|right-parenthesis|text	figure-item|not-mech-code|section-element|title-front-matter
img-prefix	none	img|paragraph-text
import-alias-operator	colon|equal|space-tab0	aliased-item-import
import-declaration	import-sigil|source-import-specifier|space-tab1|whitespace0	statement
import-group-item	module-import-path	import-group-items
import-group-items	import-group-item|import-group-separator|whitespace0	module-suffix-import
import-group-separator	list-separator|whitespace1	import-group-items
import-sigil	none	import-declaration|module-import
info-block	info-sigil|paragraph-newline|space-tab0	not-mech-code|section-element
info-sigil	none	info-block|subtitle
inline-code	grave|grave-codeblock-sigil|text	paragraph-element
inline-equation	backslash|equation-sigil|text	paragraph-element
inline-mech-code	left-brace|mech-code-alt|right-brace|whitespace0	paragraph-element
inline-paragraph	new-line|paragraph-element	hyperlink|img|mechdown-table-header|mechdown-table-row|title-front-matter
inline-table	inline-table-header|inline-table-row|space-tab0|table-separator	table
inline-table-header	header-field|space-tab0|space-tab1|table-separator	inline-table
inline-table-row	expression|space-tab0|table-separator	inline-table
integer-literal	typed-integer|untyped-integer	dot-subscript-int|rational-literal|real-number|scientific-literal
intersection	ws0e	set-operator
invariant-define	assign-operator|define-operator|exclamation|expression|identifier	statement
join	ws0e	table-operator
kind	kind-any|kind-atom|kind-empty|kind-kind|kind-map|kind-matrix|kind-record|kind-scalar|kind-set|kind-table|kind-tuple	kind-map|kind-set|kind-tuple|kind-with-option
kind-annotation	kind-with-option|left-angle|right-angle	binding|enum-variant-inline-kind|enum-variant-kind|field|fsm|fsm-specification|function-arg|function-define-match-arms|header-field|kind-define|kind-record|kind-table|literal|var
kind-any	asterisk	kind
kind-atom	colon|identifier	kind
kind-define	define-operator|identifier|kind-annotation|left-angle|right-angle	statement
kind-empty	underscore	kind
kind-kind	kind-with-option|left-angle|right-angle	kind
kind-map	colon|kind|left-brace|right-brace	kind
kind-matrix	colon|kind-with-option|left-bracket|list-separator|literal|right-bracket	kind
kind-record	identifier|kind-annotation|left-brace|list-separator|right-brace|whitespace0|whitespace1	kind
kind-scalar	colon|identifier|range-expression	kind
kind-set	colon|kind|left-brace|literal|right-brace	kind
kind-table	bar|colon|identifier|kind-annotation|list-separator|literal|space-tab1	kind
kind-tuple	kind|left-parenthesis|list-separator|right-parenthesis	kind
kind-with-option	kind|question	kind-annotation|kind-kind|kind-matrix
l1	l2|logic-operator	formula
l2	comparison-operator|l3	l1
l3	add-sub-operator|l4	l2
l4	l5|matrix-operator|mul-div-operator	l3
l5	l6|power-operator	l4
l6	l7|table-operator	l5
l7	factor|set-operator	l6
left-alignment	colon|dash	alignment-separator
left-angle	left-angle1|left-angle2	enum-define|grouping-symbol|kind-annotation|kind-define|kind-kind|paragraph-text
left-angle1	none	left-angle|less-than
left-angle2	none	forbidden-emoji|left-angle
left-anti-join	ws0e	table-operator
left-brace	none	activation-arm|activation-scope|brace-subscript|code-block|context-declaration|empty-map|empty-set|eval-inline-mech-code|fsm-block-transition|grouping-symbol|identifier-path-segment-emoji|inline-mech-code|kind-map|kind-record|kind-set|map|module-suffix-import|option-map|paragraph-text|set|set-comprehension|table-start
left-bracket	none	bracket-subscript|checked-item|citation|grammar-list|grouping-symbol|hyperlink|kind-matrix|matrix-comprehension|matrix-start|paragraph-text|pattern-array|reference|unchecked-item
left-join	ws0e	table-operator
left-parenthesis	none	argument-list|context-capability-declaration|enum-variant-kind|fsm-args|fsm-implementation|fsm-specification|fsm-state-definition-variables|function-define|function-out-args|grammar-group|grouping-symbol|hyperlink|img|kind-tuple|mini-mika|parenthetical-term|pattern-atom-struct|pattern-tuple|pattern-tuple-struct|subtitle|tuple|tuple-destructure|tuple-struct|unordered-list-item
left-semi-join	ws0e	table-operator
less-than	generator-arrow|left-angle1|ws0e	comparison-operator
less-than-equal	ws0e	comparison-operator
list-separator	comma|whitespace0	activation-arm|argument-list|brace-subscript|bracket-subscript|context-declaration|fsm-args|fsm-implementation|fsm-specification|fsm-state-definition-variables|function-define|function-out-args|import-group-separator|kind-matrix|kind-record|kind-table|kind-tuple|match-arm|matrix-comprehension|pattern-array|pattern-atom-struct|pattern-tuple|pattern-tuple-struct|set|set-comprehension|tuple|tuple-destructure
literal	atom|boolean|empty|kind-annotation|number|string	factor|kind-matrix|kind-set|kind-table
load-rpl	none	parse-repl-command
logic-operator	and|or|xor	l1
ls-rpl	none	parse-repl-command
map	left-brace|mapping|right-brace|whitespace0	structure
mapping	colon|comma|expression|whitespace0	map
match-arm	expression|guard-operator|list-separator|output-operator|pattern|statement-separator|whitespace0|whitespace1	expression|match-expression
match-expression	factor|match-arm|period|question|whitespace0	none
matrix	box-drawing-char|matrix-end|matrix-row|matrix-start|whitespace|whitespace0	structure
matrix-column	box-vert|box-vert-bold|comma|expression|space-tab0	matrix-row
matrix-comprehension	bar|comprehension-qualifier|expression|left-bracket|list-separator|right-bracket|space-tab0	expression|factor
matrix-end	box-br|box-br-bold|box-br-round|right-bracket	matrix
matrix-multiply	ws0e	matrix-operator|multiply
matrix-operator	cross-product|dot-product|matrix-multiply|matrix-solve	l4
matrix-row	box-drawing-char|matrix-column|new-line|semicolon|space-tab0|table-separator	matrix
matrix-solve	backslash|ws0e	matrix-operator
matrix-start	box-tl|box-tl-bold|box-tl-round|left-bracket	matrix
mech-code	code-terminal|mech-code-alt|not-mech-code	activation-arm|activation-scope|section
mech-code-alt	activation-scope|comment|expression|fsm-implementation|fsm-specification|function-define|module-import|statement|whitespace0	fsm-block-transition|inline-mech-code|mech-code
mechdown-list	check-list|ordered-list|unordered-list	section-element
mechdown-table	mechdown-table-no-header|mechdown-table-with-header|whitespace0	section-element
mechdown-table-header	alignment-separator|bar|inline-paragraph|space-tab0|whitespace0	mechdown-table-with-header
mechdown-table-no-header	mechdown-table-row	mechdown-table
mechdown-table-row	bar|empty-paragraph|inline-paragraph|space-tab0|space-tab1|whitespace0	mechdown-table-no-header|mechdown-table-with-header
mechdown-table-with-header	mechdown-table-header|mechdown-table-row	mechdown-table
micro-mika	mika-arm-left|mika-arm-right|mika-nose	mika
mika	micro-mika|mika-section|mini-mika|whitespace0	section
mika-arm-left	none	micro-mika|mini-mika
mika-arm-right	none	micro-mika|mini-mika
mika-expression-inner	mika-eye-left|mika-eye-right|mika-nose	mini-mika
mika-eye-left	none	mika-expression-inner
mika-eye-right	none	mika-expression-inner
mika-nose	none	micro-mika|mika-expression-inner
mika-section	mika-section-close|mika-section-open|section	mika
mika-section-close	none	code-terminal|forbidden-emoji|mika-section|not-mech-code|paragraph|paragraph-text
mika-section-open	none	forbidden-emoji|mika-section|paragraph-text
mini-mika	left-parenthesis|mika-arm-left|mika-arm-right|mika-expression-inner|right-parenthesis	mika
module-export-sigil	none	export-declaration
module-import	aliased-item-import|import-sigil|module-only-import|module-suffix-import|space-tab0|whitespace0	mech-code-alt
module-import-alias	module-import-context-alias|module-import-value-alias	aliased-item-import
module-import-alias-path	module-import-alias-segment|slash	module-import-value-alias
module-import-alias-segment	identifier-path-segment	module-import-alias-path
module-import-context-alias	at|context-import-alias-segment|slash	module-import-alias
module-import-intrinsic-segment	module-import-name-segment|underscore	module-import-path-segment
module-import-name-segment	identifier-path-segment	module-import-intrinsic-segment|module-import-path-segment
module-import-path	module-import-path-segment|slash	aliased-item-import|import-group-item|module-suffix-import
module-import-path-segment	module-import-intrinsic-segment|module-import-name-segment	module-import-path
module-import-value-alias	module-import-alias-path	module-import-alias
module-only-import	module-root	module-import
module-root	identifier-path-segment	aliased-item-import|module-only-import|module-suffix-import
module-suffix-import	asterisk|import-group-items|left-brace|module-import-path|module-root|right-brace|slash	module-import
modulus	percent|ws0e	mul-div-operator
mul-assign-operator	whitespace0	op-assign-operator
mul-div-operator	divide|modulus|multiply	l4
multiply	matrix-multiply|ws0e	mul-div-operator
nbsp	none	forbidden-emoji|space-tab
negate	none	grammar-not|not
negate-factor	dash|factor	factor
new-line	carriage-return|carriage-return-new-line|new-line-char	blank-line|code-block|code-terminal|comment|fancy-table|grammar|identifier-path-segment-emoji|inline-paragraph|matrix-row|newline-indent|paragraph|paragraph-newline|raw-string|source-import-tail|table-top|thematic-break|title|title-front-matter|ul-subtitle|unordered-list-item|utf8-string|whitespace
new-line-char	none	new-line
newline-indent	new-line|space-tab	none
no-alignment	dash	alignment-separator
not	exclamation|negate	not-factor
not-element-of	ws0e	set-operator
not-equal	ws0e	comparison-operator
not-factor	factor|not	factor
not-mech-code	error-block|float|idea-block|img|info-block|mika-section-close|question-block|success-block|warning-block	mech-code
number	complex-number|real-number	literal|ordered-list-item
octal-literal	digit-sequence	real-number|untyped-real-number
op-assign	define-operator|expression|op-assign-operator|slice-ref	statement
op-assign-operator	add-assign-operator|div-assign-operator|exp-assign-operator|mul-assign-operator|sub-assign-operator	op-assign
option-map	left-brace|option-mapping|right-brace|whitespace0	code-block|img
option-mapping	colon|comma|identifier|option-value|whitespace0	option-map
option-value	identifier|string	option-mapping
or	ws0e	logic-operator
ordered-list	ordered-list-item|sublist	mechdown-list|sublist
ordered-list-item	number|paragraph-newline|period	ordered-list
output-operator	output-operator-a|output-operator-u	activation-arm|fsm-output|fsm-specification|function-define-match-arms|function-match-arm|match-arm
output-operator-a	whitespace0	output-operator
output-operator-u	whitespace0	output-operator
paragraph	idea-sigil|mika-section-close|new-line|paragraph-element	citation|paragraph-newline|section-element
paragraph-element	emphasis|eval-inline-mech-code|footnote-reference|highlight|hyperlink|inline-code|inline-equation|inline-mech-code|paragraph-text|raw-hyperlink|reference|section-reference|strikethrough|strong|underline	emphasis|highlight|inline-paragraph|paragraph|strikethrough|strong|underline
paragraph-newline	new-line|paragraph	abstract-el|checked-item|error-block|footnote|idea-block|info-block|ordered-list-item|question-block|quote-block|subtitle|success-block|ul-subtitle|unchecked-item|unordered-list-item|warning-block
paragraph-text	asterisk|bar|define-operator|equation-sigil|footnote-prefix|grave|highlight-sigil|http-prefix|img-prefix|left-angle|left-brace|left-bracket|mika-section-close|mika-section-open|right-bracket|section-sigil|text|tilde|underscore	paragraph-element
parenthetical-term	formula|left-parenthesis|right-parenthesis|space-tab0	factor
parse	parse-mech	none
parse-grammar	grammar	none
parse-mech	program	parse
parse-repl-command	cd-rpl|clc-rpl|clear-rpl|code-rpl|colon|docs-rpl|help-rpl|load-rpl|ls-rpl|plan-rpl|profile-rpl|quit-rpl|save-rpl|step-rpl|symbols-rpl|whos-rpl	none
pattern	expression|pattern-array|pattern-atom-struct|pattern-tuple|pattern-tuple-struct|wildcard	activation-arm|fsm-guard|fsm-guard-arm|fsm-transition|fsm-value|function-match-arm|generator|match-arm|pattern-array-item|pattern-atom-struct|pattern-tuple|pattern-tuple-struct
pattern-array	left-bracket|list-separator|pattern-array-token|right-bracket|whitespace0	pattern
pattern-array-item	pattern	pattern-array-token
pattern-array-token	enum-separator|pattern-array-item|spread-operator	pattern-array
pattern-atom-struct	colon|identifier|left-parenthesis|list-separator|pattern|right-parenthesis|whitespace0	pattern
pattern-tuple	left-parenthesis|list-separator|pattern|right-parenthesis|whitespace0	pattern
pattern-tuple-struct	grave|identifier|left-parenthesis|list-separator|pattern|right-parenthesis|whitespace0	pattern
percent	none	identifier-symbol|modulus|symbol
period	none	activation-scope|context-address-path-token|context-base-resource-uri|context-capability-path-token|dot-subscript|dot-subscript-int|expression|float-decimal-start|float-full|fsm-implementation|fsm-specification|function-define-match-arms|function-define-statements|grammar-range|match-expression|ordered-list-item|punctuation|relative-source-import-specifier|section-reference|source-path-component-token|subtitle|swizzle-subscript|ul-subtitle|uri-scheme-part
plan-rpl	none	parse-repl-command
plus	none	add|complex-number|grammar-repeat1|identifier-symbol|scientific-literal|symbol|uri-scheme-part
power	caret|ws0e	power-operator
power-operator	power	l5
prefixed-context-path	at|context-address-path|identifier-path-segment|slash	slice|slice-ref|var
profile-rpl	none	parse-repl-command
program	body|title|whitespace0	parse-mech
prompt	prompt-sigil|section-element|space-tab0	section-element
prompt-sigil	none	prompt|quote-block
proper-subset	ws0e	set-operator
proper-superset	ws0e	set-operator
punctuation	apostrophe|colon|comma|exclamation|period|question|quote|semicolon	escaped-char|raw-text|text
question	none	expression|grammar-optional|kind-with-option|match-expression|punctuation
question-block	paragraph-newline|question-sigil|space-tab0	not-mech-code|section-element
question-sigil	none	question-block
quit-rpl	none	parse-repl-command
quote	none	grammar-terminal-token|punctuation|raw-string|utf8-string
quote-block	float-sigil|paragraph-newline|prompt-sigil|quote-sigil|space-tab0	section-element
quote-sigil	none	quote-block
range-exclusive	none	range-operator
range-expression	formula|range-operator	expression|kind-scalar|range-subscript
range-inclusive	none	range-operator
range-operator	range-exclusive|range-inclusive	range-expression
range-subscript	range-expression	brace-subscript|bracket-subscript
rational-literal	integer-literal|slash	real-number|untyped-real-number
raw-hyperlink	http-prefix|space|text	paragraph-element
raw-string	new-line|quote|raw-text	string
raw-subtract	comment-sigil|dash	spaced-subtract|subtract
raw-text	alpha-token|digit-token|emoji|forbidden-emoji|grouping-symbol|punctuation|space|symbol|tab	raw-string
real-number	binary-literal|dash|decimal-literal|float-literal|hexadecimal-literal|integer-literal|octal-literal|rational-literal|scientific-literal	number
record	binding|table-end|table-start|whitespace0	structure
reference	alphanumeric|left-bracket|right-bracket	paragraph-element
regular-table	table-header|table-row|table-separator|whitespace0	table
relative-source-import-specifier	period|slash|source-mec-path|source-mec-path-wildcard-suffix	source-import-specifier
repl-identifier	none	whos-rpl
right-alignment	colon|dash	alignment-separator
right-angle	right-angle1|right-angle2	enum-define|grammar-peek|grouping-symbol|kind-annotation|kind-define|kind-kind
right-angle1	none	greater-than|right-angle
right-angle2	none	forbidden-emoji|right-angle
right-brace	none	activation-arm|activation-scope|brace-subscript|code-terminal|context-declaration|empty-map|empty-set|eval-inline-mech-code|fsm-block-transition|grouping-symbol|identifier-path-segment-emoji|inline-mech-code|kind-map|kind-record|kind-set|map|module-suffix-import|option-map|set|set-comprehension|table-end
right-bracket	none	bracket-subscript|checked-item|citation|footnote|footnote-reference|grammar-list|grouping-symbol|hyperlink|img|kind-matrix|matrix-comprehension|matrix-end|paragraph-text|pattern-array|reference|unchecked-item
right-join	ws0e	table-operator
right-parenthesis	none	argument-list|context-capability-declaration|enum-variant-kind|fsm-args|fsm-implementation|fsm-specification|fsm-state-definition-variables|function-define|function-out-args|grammar-group|grouping-symbol|hyperlink|img|kind-tuple|mini-mika|parenthetical-term|pattern-atom-struct|pattern-tuple|pattern-tuple-struct|subtitle|tuple|tuple-destructure|tuple-struct|unordered-list-item
row-separator	box-drawing-char|space-tab|space-tab0|table-end	fancy-table
save-rpl	none	parse-repl-command
scientific-literal	dash|float-literal|integer-literal|plus	real-number|untyped-real-number
section	blank-line|mech-code|mika|section-element|ul-subtitle	body|mika-section
section-element	abstract-el|citation|code-block|equation|error-block|figures|float|footnote|idea-block|img|info-block|mechdown-list|mechdown-table|paragraph|prompt|question-block|quote-block|subtitle|success-block|thematic-break|warning-block	float|prompt|section
section-reference	alphanumeric|period|section-sigil	paragraph-element
section-sigil	none	paragraph-text|section-reference
select-all	colon	brace-subscript|bracket-subscript
semicolon	none	code-terminal|grammar-rule|matrix-row|punctuation|source-import-tail|statement-separator
send-operator	whitespace0	context-send
set	expression|left-brace|list-separator|right-brace|whitespace0|whitespace1	structure
set-comprehension	bar|comprehension-qualifier|expression|left-brace|list-separator|right-brace|space-tab0	expression
set-operator	complement|difference|element-of|intersection|not-element-of|proper-subset|proper-superset|subset|superset|symmetric-difference|union-op	l7
slash	none	absolute-source-import-specifier|aliased-item-import|context-address-path-token|context-base-resource-uri|context-capability-path-token|divide|identifier-path-segment-emoji|identifier-symbol|module-import-alias-path|module-import-context-alias|module-import-path|module-suffix-import|prefixed-context-path|rational-literal|relative-source-import-specifier|source-mec-path|source-mec-path-wildcard-suffix|symbol
slice	identifier|prefixed-context-path|subscript	factor
slice-ref	identifier|prefixed-context-path|subscript	op-assign|variable-assign
source-import-specifier	absolute-source-import-specifier|bare-source-import-specifier|relative-source-import-specifier|uri-source-import-specifier	import-declaration
source-import-tail	any-token|new-line|semicolon	uri-source-import-specifier
source-import-uri-scheme	alpha-token|uri-scheme-part	uri-source-import-specifier
source-mec-path	slash|source-path-component	absolute-source-import-specifier|bare-source-import-specifier|relative-source-import-specifier
source-mec-path-wildcard-suffix	asterisk|slash	absolute-source-import-specifier|bare-source-import-specifier|relative-source-import-specifier
source-path-component	source-path-component-token	source-mec-path
source-path-component-token	alpha-token|dash|digit-token|period|underscore	source-path-component
space	none	identifier-path-segment-emoji|raw-hyperlink|raw-text|space-tab|text|unordered-list-item|whitespace
space-tab	nbsp|space|tab|thin-space	comment|newline-indent|row-separator|space-tab0|space-tab1|ws0e|ws1e
space-tab0	space-tab	abstract-el|alignment-separator|blank-line|code-block|code-terminal|error-block|figures-row|float|generator|idea-block|import-alias-operator|info-block|inline-table|inline-table-header|inline-table-row|matrix-column|matrix-comprehension|matrix-row|mechdown-table-header|mechdown-table-row|module-import|parenthetical-term|prompt|question-block|quote-block|row-separator|set-comprehension|subtitle|success-block|table-column|table-header|table-row|table-row2|table-separator|thematic-break|title-front-matter|ul-subtitle|warning-block
space-tab1	space-tab	import-declaration|inline-table-header|kind-table|mechdown-table-row|table-header|table-row
spaced-subtract	raw-subtract|ws1e	subtract
spread-operator	spread-operator-a|spread-operator-u	pattern-array-token
spread-operator-a	whitespace0	spread-operator
spread-operator-u	whitespace0	spread-operator
statement	context-declaration|context-send|enum-define|export-declaration|fsm-declare|import-declaration|invariant-define|kind-define|op-assign|tuple-destructure|variable-assign|variable-define	fsm-statement-transition|function-define-statements|mech-code-alt
statement-separator	semicolon|whitespace0	activation-arm|function-define-match-arms|function-define-statements|function-match-arm|match-arm
step-rpl	hashtag	parse-repl-command
strict-equal	ws0e	comparison-operator
strict-not-equal	ws0e	comparison-operator
strike-sigil	none	none
strikethrough	paragraph-element|tilde	paragraph-element
string	raw-string|utf8-string	literal|option-value
strong	paragraph-element|strong-sigil	paragraph-element
strong-sigil	none	strong
structure	empty-map|empty-set|map|matrix|record|set|table|tuple|tuple-struct	factor
sub-assign-operator	whitespace0	op-assign-operator
sublist	check-list|ordered-list|unordered-list	check-list|ordered-list|unordered-list
subscript	brace-subscript|bracket-subscript|dot-subscript|dot-subscript-int|swizzle-subscript	slice|slice-ref
subset	ws0e	set-operator
subtitle	alpha|digit|error-sigil|info-sigil|left-parenthesis|paragraph-newline|period|right-parenthesis|space-tab0|whitespace0	section-element
subtract	raw-subtract|spaced-subtract	add-sub-operator
success-block	float-sigil|paragraph-newline|space-tab0|success-check-sigil|success-sigil	not-mech-code|section-element
success-check-sigil	none	success-block
success-sigil	none	success-block
superset	ws0e	set-operator
swizzle-subscript	comma|identifier|period	subscript
symbol	ampersand|asterisk|at|backslash|bar|caret|dash|dollar|equal|grave|hashtag|percent|plus|slash|tilde|underscore	escaped-char|raw-text|text
symbols-rpl	none	parse-repl-command
symmetric-difference	ws1e	set-operator
synth-operator	whitespace0	none
tab	none	identifier-path-segment-emoji|raw-text|space-tab|text|whitespace
table	fancy-table|inline-table|regular-table	structure
table-column	comma|expression|space-tab0|table-separator	none
table-end	box-br|box-br-bold|box-br-round|right-brace|table-separator	record|row-separator
table-header	header-field|space-tab0|space-tab1|table-separator|whitespace0	regular-table
table-horz	box-horz|dash	none
table-operator	full-join|join|left-anti-join|left-join|left-semi-join|right-join	l6
table-row	expression|space-tab0|space-tab1|table-separator	regular-table
table-row2	expression|space-tab0|table-separator	fancy-table
table-separator	bar|box-vert|box-vert-bold|space-tab0	fancy-table|fancy-table-header|inline-table|inline-table-header|inline-table-row|matrix-row|regular-table|table-column|table-end|table-header|table-row|table-row2|table-start
table-start	box-tl|box-tl-bold|box-tl-round|left-brace|table-separator	record|table-top
table-top	box-drawing-char|new-line|table-start	fancy-table
tag	none	none
text	alpha-token|digit-token|emoji|escaped-char|forbidden-emoji|grouping-symbol|punctuation|space|symbol|tab	code-block|equation|footnote|footnote-reference|hyperlink|img|inline-code|inline-equation|paragraph-text|raw-hyperlink|title|utf8-string
thematic-break	asterisk|new-line|space-tab0	section-element
thin-space	none	forbidden-emoji|space-tab
tilde	none	identifier-symbol|paragraph-text|strikethrough|symbol|variable-define
tilde-codeblock-sigil	none	codeblock-sigil
title	equal|new-line|text|title-front-matter|whitespace0	program
title-front-matter	colon|equal|figures|identifier|img|inline-paragraph|new-line|space-tab0|whitespace0	title
transition-operator	transition-operator-a|transition-operator-u	fsm-block-transition|fsm-implementation|fsm-state-transition|fsm-statement-transition
transition-operator-a	whitespace0	transition-operator
transition-operator-u	whitespace0	transition-operator
transpose	apostrophe	factor
true-literal	check-mark|english-true-literal	boolean
tuple	expression|left-parenthesis|list-separator|right-parenthesis|whitespace0	structure
tuple-destructure	define-operator|expression|identifier|left-parenthesis|list-separator|right-parenthesis	statement
tuple-struct	colon|expression|identifier|left-parenthesis|right-parenthesis|whitespace0	structure
typed-integer	digit-sequence|identifier	integer-literal
ul-subtitle	alpha-token|dash|digit-token|new-line|paragraph-newline|period|space-tab0|whitespace0	section
unchecked-item	dash|left-bracket|paragraph-newline|right-bracket|whitespace0	check-list-item
underline	paragraph-element|underscore	paragraph-element
underline-sigil	none	none
underscore	none	context-address-path-token|context-base-resource-uri|context-capability-path-token|empty|hexadecimal-literal|identifier-path-segment-emoji|kind-empty|module-import-intrinsic-segment|paragraph-text|source-path-component-token|symbol|underline|underscore-digit
underscore-digit	digit-token|underscore	digit-sequence
union-op	ws0e	set-operator
unordered-list	sublist|unordered-list-item	mechdown-list|sublist
unordered-list-item	dash|emoji|left-parenthesis|new-line|paragraph-newline|right-parenthesis|space	unordered-list
untyped-integer	digit-sequence	integer-literal|untyped-real-number
untyped-real-number	binary-literal|dash|decimal-literal|float-literal|hexadecimal-literal|octal-literal|rational-literal|scientific-literal|untyped-integer	complex-number
uri-scheme-part	alpha-token|dash|digit-token|period|plus	source-import-uri-scheme
uri-source-import-specifier	source-import-tail|source-import-uri-scheme	source-import-specifier
utf8-string	new-line|quote|text	string
var	identifier|kind-annotation|prefixed-context-path	context-send|factor|fsm-implementation|fsm-specification|fsm-state-definition-variables|variable-define
variable-assign	assign-operator|define-operator|expression|slice-ref	statement
variable-define	assign-operator|define-operator|expression|tilde|var	comprehension-qualifier|statement
warning-block	float-sigil|paragraph-newline|space-tab0|warning-sigil	not-mech-code|section-element
warning-sigil	none	warning-block
whitespace	new-line|space|tab	matrix|whitespace0|whitespace1
whitespace0	whitespace	activation-arm|activation-scope|add-assign-operator|assign-operator|async-transition-operator|binding|body|call-arg-with-binding|citation|code-block|code-terminal|context-declaration|define-operator|div-assign-operator|empty-map|empty-set|enum-separator|eval-inline-mech-code|exp-assign-operator|export-declaration|expression|fancy-table-header|figures-row|footnote|fsm-arm|fsm-block-transition|fsm-implementation|fsm-state-definition|function-define|function-define-match-arms|function-define-statements|function-match-arm|gen-operator|generator-arrow|generator-arrow-u|guard-operator|import-declaration|import-group-items|inline-mech-code|kind-record|list-separator|map|mapping|match-arm|match-expression|matrix|mech-code-alt|mechdown-table|mechdown-table-header|mechdown-table-row|mika|module-import|mul-assign-operator|option-map|option-mapping|output-operator-a|output-operator-u|pattern-array|pattern-atom-struct|pattern-tuple|pattern-tuple-struct|program|record|regular-table|send-operator|set|spread-operator-a|spread-operator-u|statement-separator|sub-assign-operator|subtitle|synth-operator|table-header|title|title-front-matter|transition-operator-a|transition-operator-u|tuple|tuple-struct|ul-subtitle|unchecked-item
whitespace1	whitespace	activation-arm|export-declaration|function-define-match-arms|function-define-statements|function-match-arm|import-group-separator|kind-record|match-arm|set
whos-rpl	repl-identifier	parse-repl-command
wildcard	asterisk	pattern
ws0e	space-tab	add|and|complement|cross-product|difference|divide|dot-product|element-of|equal-to|full-join|greater-than|greater-than-equal|intersection|join|left-anti-join|left-join|left-semi-join|less-than|less-than-equal|matrix-multiply|matrix-solve|modulus|multiply|not-element-of|not-equal|or|power|proper-subset|proper-superset|right-join|strict-equal|strict-not-equal|subset|superset|union-op|xor
ws1e	space-tab	spaced-subtract|symmetric-difference
xor	ws0e	logic-operator
