grammar-name	family	component-id	component-size	recursive-component	same-component-children	closure-children	ported-external-children
argument-list	functions	SCC-0001	80	true	call-arg|call-arg-with-binding	none	left-parenthesis|list-separator|right-parenthesis
binding	structures	SCC-0001	80	true	expression|kind-annotation	none	colon|comma|identifier|whitespace0
brace-subscript	expressions	SCC-0001	80	true	formula-subscript|range-subscript	none	left-brace|list-separator|right-brace|select-all
bracket-subscript	expressions	SCC-0001	80	true	formula-subscript|range-subscript	none	left-bracket|list-separator|right-bracket|select-all
call-arg	functions	SCC-0001	80	true	expression	none	none
call-arg-with-binding	functions	SCC-0001	80	true	expression	none	colon|identifier|whitespace0
comprehension-qualifier	expressions	SCC-0001	80	true	expression|generator|variable-define	none	none
expression	expressions	SCC-0001	80	true	formula|fsm-pipe|match-arm|matrix-comprehension|range-expression|set-comprehension	none	period|question|whitespace0
factor	expressions	SCC-0001	80	true	function-call|literal|matrix-comprehension|negate-factor|not-factor|parenthetical-term|slice|structure|var	none	transpose
fancy-table	structures	SCC-0001	80	true	fancy-table-header|table-row2	none	new-line|row-separator|table-separator|table-top
fancy-table-header	structures	SCC-0001	80	true	field	none	table-separator|whitespace0
field	structures	SCC-0001	80	true	kind-annotation	none	identifier
formula	expressions	SCC-0001	80	true	l1	none	none
formula-subscript	expressions	SCC-0001	80	true	formula	none	none
fsm-args	state_machines	SCC-0001	80	true	call-arg|call-arg-with-binding	none	left-parenthesis|list-separator|right-parenthesis
fsm-async-transition	state_machines	SCC-0001	80	true	fsm-value	none	async-transition-operator
fsm-instance	state_machines	SCC-0001	80	true	fsm-args	none	hashtag|identifier
fsm-output	state_machines	SCC-0001	80	true	fsm-value	none	output-operator
fsm-pipe	state_machines	SCC-0001	80	true	fsm-async-transition|fsm-instance|fsm-output|fsm-state-transition	none	none
fsm-state-transition	state_machines	SCC-0001	80	true	fsm-value	none	transition-operator
fsm-value	state_machines	SCC-0001	80	true	pattern	none	none
function-call	functions	SCC-0001	80	true	argument-list	none	identifier
generator	expressions	SCC-0001	80	true	expression|pattern	none	generator-arrow|generator-arrow-u|space-tab0
header-field	structures	SCC-0001	80	true	kind-annotation	none	identifier
inline-table	structures	SCC-0001	80	true	inline-table-header|inline-table-row	none	space-tab0|table-separator
inline-table-header	structures	SCC-0001	80	true	header-field	none	space-tab0|space-tab1|table-separator
inline-table-row	structures	SCC-0001	80	true	expression	none	space-tab0|table-separator
kind	literals	SCC-0001	80	true	kind-kind|kind-map|kind-matrix|kind-record|kind-scalar|kind-set|kind-table|kind-tuple	none	kind-any|kind-atom|kind-empty
kind-annotation	literals	SCC-0001	80	true	kind-with-option	none	left-angle|right-angle
kind-kind	literals	SCC-0001	80	true	kind-with-option	none	left-angle|right-angle
kind-map	literals	SCC-0001	80	true	kind	none	colon|left-brace|right-brace
kind-matrix	literals	SCC-0001	80	true	kind-with-option|literal	none	colon|left-bracket|list-separator|right-bracket
kind-record	literals	SCC-0001	80	true	kind-annotation	none	identifier|left-brace|list-separator|right-brace|whitespace0|whitespace1
kind-scalar	literals	SCC-0001	80	true	range-expression	none	colon|identifier
kind-set	literals	SCC-0001	80	true	kind|literal	none	colon|left-brace|right-brace
kind-table	literals	SCC-0001	80	true	kind-annotation|literal	none	bar|colon|identifier|list-separator|space-tab1
kind-tuple	literals	SCC-0001	80	true	kind	none	left-parenthesis|list-separator|right-parenthesis
kind-with-option	literals	SCC-0001	80	true	kind	none	question
l1	expressions	SCC-0001	80	true	l2	none	logic-operator
l2	expressions	SCC-0001	80	true	l3	none	comparison-operator
l3	expressions	SCC-0001	80	true	l4	none	add-sub-operator
l4	expressions	SCC-0001	80	true	l5	none	matrix-operator|mul-div-operator
l5	expressions	SCC-0001	80	true	l6	none	power-operator
l6	expressions	SCC-0001	80	true	l7	none	table-operator
l7	expressions	SCC-0001	80	true	factor	none	set-operator
literal	literals	SCC-0001	80	true	kind-annotation	none	atom|boolean|empty|number|string
map	structures	SCC-0001	80	true	mapping	none	left-brace|right-brace|whitespace0
mapping	structures	SCC-0001	80	true	expression	none	colon|comma|whitespace0
match-arm	expressions	SCC-0001	80	true	expression|pattern	none	guard-operator|list-separator|output-operator|statement-separator|whitespace0|whitespace1
matrix	structures	SCC-0001	80	true	matrix-row	none	box-drawing-char|matrix-end|matrix-start|whitespace|whitespace0
matrix-column	structures	SCC-0001	80	true	expression	none	box-vert|box-vert-bold|comma|space-tab0
matrix-comprehension	expressions	SCC-0001	80	true	comprehension-qualifier|expression	none	bar|left-bracket|list-separator|right-bracket|space-tab0
matrix-row	structures	SCC-0001	80	true	matrix-column	none	box-drawing-char|new-line|semicolon|space-tab0|table-separator
negate-factor	expressions	SCC-0001	80	true	factor	none	dash
not-factor	expressions	SCC-0001	80	true	factor	none	not
parenthetical-term	expressions	SCC-0001	80	true	formula	none	left-parenthesis|right-parenthesis|space-tab0
pattern	patterns	SCC-0001	80	true	expression|pattern-array|pattern-atom-struct|pattern-tuple|pattern-tuple-struct	none	wildcard
pattern-array	patterns	SCC-0001	80	true	pattern-array-token	none	left-bracket|list-separator|right-bracket|whitespace0
pattern-array-item	patterns	SCC-0001	80	true	pattern	none	none
pattern-array-token	patterns	SCC-0001	80	true	pattern-array-item	none	enum-separator|spread-operator
pattern-atom-struct	patterns	SCC-0001	80	true	pattern	none	colon|identifier|left-parenthesis|list-separator|right-parenthesis|whitespace0
pattern-tuple	patterns	SCC-0001	80	true	pattern	none	left-parenthesis|list-separator|right-parenthesis|whitespace0
pattern-tuple-struct	patterns	SCC-0001	80	true	pattern	none	grave|identifier|left-parenthesis|list-separator|right-parenthesis|whitespace0
range-expression	expressions	SCC-0001	80	true	formula	none	range-operator
range-subscript	expressions	SCC-0001	80	true	range-expression	none	none
record	structures	SCC-0001	80	true	binding	none	table-end|table-start|whitespace0
regular-table	structures	SCC-0001	80	true	table-header|table-row	none	table-separator|whitespace0
set	structures	SCC-0001	80	true	expression	none	left-brace|list-separator|right-brace|whitespace0|whitespace1
set-comprehension	expressions	SCC-0001	80	true	comprehension-qualifier|expression	none	bar|left-brace|list-separator|right-brace|space-tab0
slice	expressions	SCC-0001	80	true	subscript	none	identifier|prefixed-context-path
structure	structures	SCC-0001	80	true	map|matrix|record|set|table|tuple|tuple-struct	none	empty-map|empty-set
subscript	expressions	SCC-0001	80	true	brace-subscript|bracket-subscript	none	dot-subscript|dot-subscript-int|swizzle-subscript
table	structures	SCC-0001	80	true	fancy-table|inline-table|regular-table	none	none
table-header	structures	SCC-0001	80	true	header-field	none	space-tab0|space-tab1|table-separator|whitespace0
table-row	structures	SCC-0001	80	true	expression	none	space-tab0|space-tab1|table-separator
table-row2	structures	SCC-0001	80	true	expression	none	space-tab0|table-separator
tuple	structures	SCC-0001	80	true	expression	none	left-parenthesis|list-separator|right-parenthesis|whitespace0
tuple-struct	structures	SCC-0001	80	true	expression	none	colon|identifier|left-parenthesis|right-parenthesis|whitespace0
var	expressions	SCC-0001	80	true	kind-annotation	none	identifier|prefixed-context-path
variable-define	statements	SCC-0001	80	true	expression|var	none	assign-operator|define-operator|tilde
