cell-id	owning-layer	responsibility	fixture-or-construction	expected-result	evidence-status	witness-source	witness-test	witness-command	evidence-head	related-gaps	proof-limit	methods
P01	runtime source admission	raw source adapters preserve complete retained text and reject malformed candidates	"Source strings ""  answer := 42\r\n"" and ""answer := 1 +\n"" through compile_source, compile_canonical_source, compile_source_artifact, compile_canonical_source_artifact; configured planning counter starts at zero."	Good source yields 42 and exact retained source ranges; malformed source rejects before provider planning. Compare the four adapters on the same C head.	untested-adapter-cell				662d29b79df8ab05a25bbadb941a689fd5bd5aae		The existing 42 dispatch test has no malformed/raw-coordinate case.	ProgramCompiler::compile_source;ProgramCompiler::compile_canonical_source;ProgramCompiler::compile_source_artifact;ProgramCompiler::compile_canonical_source_artifact;ProgramCompilerView::compile_interactive_source
P02	runtime artifact products	ordinary and interactive products preserve whole-document output/constraint identity	examples/working/fizzbuzz.mec via ordinary and interactive document compilation; original and decoded artifact.	Artifact has four integrity constraints; both ordinary/interactive source and decoded products load ResidentPure with identical revision; public program output name=result; formatted initial result contains the expected bee marker and both representations agree.	existing-test-recorded-suite-pass	src/runtime/src/runtime/program/tests.rs:6538	canonical_fizzbuzz_preserves_constraints_and_presentation_through_bytecode	cargo +nightly-2026-03-03 test --locked -p mech-runtime --no-default-features --features full_compiler,full_source,resident-routing-source,compute --lib runtime::program::tests::canonical_fizzbuzz_preserves_constraints_and_presentation_through_bytecode -- --exact	e31d08260fac40bcf7982e854cc5d2623a606347	G19;G14	The test does not assert every named fence/inline slot or full independent FizzBuzz sequence; it asserts result identity, four constraints, bee marker and equivalence. Full presentation contracts remain separate consumer cells.	ProgramCompiler::compile_source;ProgramCompiler::compile_document;ProgramCompiler::compile_interactive_document;ProgramCompiler::compile_canonical_source;ProgramCompiler::compile_tree;ProgramCompiler::compile_interactive_tree;ProgramCompiler::compile_source_artifact;ProgramCompiler::compile_document_artifact;ProgramCompiler::compile_canonical_source_artifact;ProgramCompiler::compile_tree_artifact;CanonicalSourceFrontend::compile_document;CanonicalSourceFrontend::compile_document_with_catalog;CanonicalSourceFrontend::compile_interactive_document_with_catalog;ProgramCompilerView::compile_interactive_source
P03	runtime artifact sidecars	canonical native parts do not manufacture retired instruction sidecars	answer := 40 + 2; compile_canonical_source -> into_native_parts; ParsedProgram::from_bytes.	Artifact nodes nonempty; encoded ordinary instruction list empty; bindings, requirements and memory sidecar lengths all equal that zero instruction count.	existing-test-recorded-suite-pass	src/runtime/src/runtime/program/tests.rs:5367	canonical_native_sidecars_cover_every_encoded_instruction	cargo +nightly-2026-03-03 test --locked -p mech-runtime --no-default-features --features full_compiler,full_source,resident-routing-source,compute --lib runtime::program::tests::canonical_native_sidecars_cover_every_encoded_instruction -- --exact	e31d08260fac40bcf7982e854cc5d2623a606347		This is an empty retired-sidecar consistency assertion. It proves neither source-span coverage nor nonzero native instruction binding.	ProgramCompiler::compile_source;ProgramCompiler::compile_document;ProgramCompiler::compile_interactive_document;ProgramCompiler::compile_canonical_source;ProgramCompiler::compile_tree;ProgramCompiler::compile_interactive_tree;ProgramCompiler::compile_source_artifact;ProgramCompiler::compile_document_artifact;ProgramCompiler::compile_canonical_source_artifact;ProgramCompiler::compile_tree_artifact;CanonicalSourceFrontend::compile_document_with_catalog
P04	runtime output projection	terminal host send retains preceding implicit result	Document whose last statement sends to a configured resource.	Trailing write is an effect; preceding ordinary result remains the public program result.	existing-test-recorded-suite-pass	src/runtime/src/runtime/program/tests.rs:5385	canonical_trailing_resource_send_preserves_implicit_result	cargo +nightly-2026-03-03 test --locked -p mech-runtime --no-default-features --features full_compiler,full_source,resident-routing-source,compute --lib runtime::program::tests::canonical_trailing_resource_send_preserves_implicit_result -- --exact	e31d08260fac40bcf7982e854cc5d2623a606347			ProgramCompiler::compile_source;ProgramCompiler::compile_document;ProgramCompiler::compile_interactive_document;ProgramCompiler::compile_canonical_source;ProgramCompiler::compile_tree;ProgramCompiler::compile_interactive_tree;ProgramCompiler::compile_source_artifact;ProgramCompiler::compile_document_artifact;ProgramCompiler::compile_canonical_source_artifact;ProgramCompiler::compile_tree_artifact
P05	runtime planning inputs	supplied constants and selected live declarations have distinct ownership	port := supplied; next := port + 2f32; supplied=40f32; external={port} versus empty, then captured port=50.	Live defaults={port:40}; sole live port is port and changed capture produces52; constant variant has zero inputs and produces42; absent selected name rejects.	existing-test-recorded-suite-pass	src/runtime/src/runtime/program/tests.rs:5428	canonical_planning_values_remain_constants_and_live_defaults_are_detached	cargo +nightly-2026-03-03 test --locked -p mech-runtime --no-default-features --features full_compiler,full_source,resident-routing-source,compute --lib runtime::program::tests::canonical_planning_values_remain_constants_and_live_defaults_are_detached -- --exact	e31d08260fac40bcf7982e854cc5d2623a606347		F32 scalar only; host-value census is P29.	ProgramCompiler::compile_document_artifact_with_inputs;ProgramCompiler::compile_document_artifact_with_input_initializers;ProgramCompiler::compile_tree_artifact_with_inputs;ProgramCompiler::compile_tree_artifact_with_input_initializers;CanonicalSourceFrontend::compile_document_with_planning_contract;CanonicalSourceFrontend::compile_interactive_document_with_planning_contract
P06	runtime provider planning	provider matrix snapshots close the inferred input shape	@provider := test://typed/value{:read(matrix)}; answer := @provider/matrix; shapes1x2,2x1,2x3.	Compile and static projection preserve exact row-major matrix dimensions and values.	existing-test-recorded-suite-pass	src/runtime/src/runtime/program/tests.rs:5929	canonical_resource_planning_closes_provider_matrix_shapes	cargo +nightly-2026-03-03 test --locked -p mech-runtime --no-default-features --features full_compiler,full_source,resident-routing-source,compute --lib runtime::program::tests::canonical_resource_planning_closes_provider_matrix_shapes -- --exact	e31d08260fac40bcf7982e854cc5d2623a606347			ProgramCompiler::compile_source;ProgramCompiler::compile_document;ProgramCompiler::compile_interactive_document;ProgramCompiler::compile_canonical_source;ProgramCompiler::compile_tree;ProgramCompiler::compile_interactive_tree;ProgramCompiler::compile_source_artifact;ProgramCompiler::compile_document_artifact;ProgramCompiler::compile_document_artifact_with_inputs;ProgramCompiler::compile_document_artifact_with_input_initializers;ProgramCompiler::evaluate_static_document_symbols;ProgramCompiler::evaluate_static_document_symbols_with_inputs;ProgramCompiler::compile_canonical_source_artifact;ProgramCompiler::compile_tree_artifact;ProgramCompiler::compile_tree_artifact_with_inputs;ProgramCompiler::compile_tree_artifact_with_input_initializers;ProgramCompiler::evaluate_static_tree_symbols;ProgramCompiler::evaluate_static_tree_symbols_with_inputs;CanonicalSourceFrontend::compile_document_with_catalog_and_input_schemas;CanonicalSourceFrontend::compile_document_with_catalog_and_resources;CanonicalSourceFrontend::compile_interactive_document_with_catalog_and_resources
P07	runtime resource scope	inactive document owners do not demand provider contracts	Root versus named/disabled/Mika-local configured reads as defined in the test.	Named/disabled/Mika-local missing-context reads/writes are ignored and artifact inputs remain empty; same missing input in executable root/plain fence rejects.	existing-test-recorded-suite-pass	src/runtime/src/runtime/program/tests.rs:5339	canonical_resource_planning_excludes_inactive_document_owners	cargo +nightly-2026-03-03 test --locked -p mech-runtime --no-default-features --features full_compiler,full_source,resident-routing-source,compute --lib runtime::program::tests::canonical_resource_planning_excludes_inactive_document_owners -- --exact	e31d08260fac40bcf7982e854cc5d2623a606347			ProgramCompiler::compile_source;ProgramCompiler::compile_document;ProgramCompiler::compile_interactive_document;ProgramCompiler::compile_canonical_source;ProgramCompiler::compile_tree;ProgramCompiler::compile_interactive_tree;ProgramCompiler::compile_source_artifact;ProgramCompiler::compile_document_artifact;ProgramCompiler::compile_canonical_source_artifact;ProgramCompiler::compile_tree_artifact;CanonicalSourceFrontend::compile_document_with_catalog_and_resources;CanonicalSourceFrontend::compile_interactive_document_with_catalog_and_resources
P08	runtime effects and grants	planning never performs live reads or prepares/delivers host effects	Configured clock read plus scene write, ordinary and interactive document; runtime grants clock only.	Provider plan counter positive; live reads=0, effect preparations=0, deliveries=0; denied scene write gives AuthorizationDenied before effects.	existing-test-recorded-suite-pass	src/runtime/src/runtime/program/tests.rs:6360	canonical_interactive_resource_planning_does_not_execute_host_effects	cargo +nightly-2026-03-03 test --locked -p mech-runtime --no-default-features --features full_compiler,full_source,resident-routing-source,compute --lib runtime::program::tests::canonical_interactive_resource_planning_does_not_execute_host_effects -- --exact	e31d08260fac40bcf7982e854cc5d2623a606347		These two document projections share implementation; rooted provider-count cells remain P19/P20.	ProgramCompiler::compile_source;ProgramCompiler::compile_document;ProgramCompiler::compile_interactive_document;ProgramCompiler::compile_canonical_source;ProgramCompiler::compile_tree;ProgramCompiler::compile_interactive_tree;ProgramCompiler::compile_source_artifact;ProgramCompiler::compile_document_artifact;ProgramCompiler::compile_document_artifact_with_inputs;ProgramCompiler::compile_document_artifact_with_input_initializers;ProgramCompiler::compile_canonical_source_artifact;ProgramCompiler::compile_tree_artifact;ProgramCompiler::compile_tree_artifact_with_inputs;ProgramCompiler::compile_tree_artifact_with_input_initializers;CanonicalSourceProgram::compile_artifact_with_external_contracts;CanonicalSourceProgram::bind_resource_input;CanonicalSourceFrontend::compile_document_with_catalog_and_resources;CanonicalSourceFrontend::compile_interactive_document_with_catalog_and_resources;ProgramCompilerView::compile_interactive_source
P09	runtime default projection	defaults do not leave unselected resource reads live	Resource-backed declaration default with selected live definition.	Selected port is sole live input; default=2f64; clock requirement absent when used only by detached initializer, present when also read by executable answer.	existing-test-recorded-suite-pass	src/runtime/src/runtime/program/tests.rs:5685	canonical_resource_defaults_do_not_create_unselected_live_observations	cargo +nightly-2026-03-03 test --locked -p mech-runtime --no-default-features --features full_compiler,full_source,resident-routing-source,compute --lib runtime::program::tests::canonical_resource_defaults_do_not_create_unselected_live_observations -- --exact	e31d08260fac40bcf7982e854cc5d2623a606347			ProgramCompiler::compile_document_artifact_with_inputs;ProgramCompiler::compile_document_artifact_with_input_initializers;ProgramCompiler::compile_tree_artifact_with_inputs;ProgramCompiler::compile_tree_artifact_with_input_initializers;CanonicalSourceProgram::referenced_input_names;CanonicalSourceProgram::bind_resource_input;CanonicalSourceFrontend::compile_document_with_planning_contract;CanonicalSourceFrontend::compile_interactive_document_with_planning_contract
P10	runtime static projection	static selection detaches only requested values	matrix=[1f32 2f32;3f32 4f32]; answer=supplied+2f32; supplied40; requested matrix,answer,missing; second call no supplied inputs.	matrix is2x2 row-major[1,2,3,4]; answer42; missing rejects; literal no-input wrapper returns identical matrix; live matrix defaults detached.	existing-test-recorded-suite-pass	src/runtime/src/runtime/program/tests.rs:5502	canonical_static_symbols_filter_and_detach_matrix_values	cargo +nightly-2026-03-03 test --locked -p mech-runtime --no-default-features --features full_compiler,full_source,resident-routing-source,compute --lib runtime::program::tests::canonical_static_symbols_filter_and_detach_matrix_values -- --exact	e31d08260fac40bcf7982e854cc5d2623a606347		Scalar/F32Matrix only; P29 enumerates other host forms.	ProgramCompiler::evaluate_static_document_symbols;ProgramCompiler::evaluate_static_document_symbols_with_inputs;ProgramCompiler::evaluate_static_tree_symbols;ProgramCompiler::evaluate_static_tree_symbols_with_inputs;CanonicalSourceFrontend::compile_document_with_planning_contract
P11	runtime static projection	projection preserves independent integrity constraints	answer42; unrelated=10+20; safe! := unrelated <= limit; request answer for limits50 and20.	Limit50 succeeds; limit20 rejects even though constraint is not a data dependency of answer.	existing-test-recorded-suite-pass	src/runtime/src/runtime/program/tests.rs:5985	canonical_static_projection_preserves_independent_integrity_constraints	cargo +nightly-2026-03-03 test --locked -p mech-runtime --no-default-features --features full_compiler,full_source,resident-routing-source,compute --lib runtime::program::tests::canonical_static_projection_preserves_independent_integrity_constraints -- --exact	e31d08260fac40bcf7982e854cc5d2623a606347			ProgramCompiler::evaluate_static_document_symbols;ProgramCompiler::evaluate_static_document_symbols_with_inputs;ProgramCompiler::evaluate_static_tree_symbols;ProgramCompiler::evaluate_static_tree_symbols_with_inputs;CanonicalSourceFrontend::compile_document_with_planning_contract
P12	runtime static projection	projection prunes unused inputs while retaining constrained inputs	other := unused<f64>+1; answer in {42,used,used+2}; supplied used40; separate safe! reads absent checked.	Unused input is not required; answers42,40,42; missing integrity input rejects.	existing-test-recorded-suite-pass	src/runtime/src/runtime/program/tests.rs:6000	canonical_static_projection_drops_unrelated_unbound_inputs	cargo +nightly-2026-03-03 test --locked -p mech-runtime --no-default-features --features full_compiler,full_source,resident-routing-source,compute --lib runtime::program::tests::canonical_static_projection_drops_unrelated_unbound_inputs -- --exact	e31d08260fac40bcf7982e854cc5d2623a606347			ProgramCompiler::evaluate_static_document_symbols;ProgramCompiler::evaluate_static_document_symbols_with_inputs;ProgramCompiler::evaluate_static_tree_symbols;ProgramCompiler::evaluate_static_tree_symbols_with_inputs;CanonicalSourceProgram::referenced_input_names;CanonicalSourceFrontend::compile_document_with_planning_contract
P13	runtime rooted graph	resolved revisions and interactive publication survive all eight rooted canonical wrappers	dep exports41; retain old main adding1; resolver then replaces main with version adding59; eight resolved/request, ordinary/interactive, options/default wrappers.	Resolved variants produce42; request variants100; exact dep revision hash retained; answer symbol exists only in interactive variants; decoded bytecode same.	existing-test-recorded-suite-pass	src/runtime/src/runtime/program/tests.rs:6065	canonical_resolved_and_rooted_interactive_compilation_preserve_revision_and_symbols	cargo +nightly-2026-03-03 test --locked -p mech-runtime --no-default-features --features full_compiler,full_source,resident-routing-source,compute --lib runtime::program::tests::canonical_resolved_and_rooted_interactive_compilation_preserve_revision_and_symbols -- --exact	e31d08260fac40bcf7982e854cc5d2623a606347		Options are supplied but the test does not assert identity differences; P14 owns that assertion.	ProgramCompiler::compile_canonical_root;ProgramCompiler::compile_canonical_resolved_root;ProgramCompiler::compile_canonical_interactive_root;ProgramCompiler::compile_canonical_interactive_resolved_root;ProgramCompiler::compile_canonical_root_with_options;ProgramCompiler::compile_canonical_interactive_root_with_options;ProgramCompiler::compile_canonical_resolved_root_with_options;ProgramCompiler::compile_canonical_interactive_resolved_root_with_options;ProgramCompiler::compile_root;ProgramCompiler::compile_interactive_root;ProgramCompilerView::compile_resolved_root;ProgramCompilerView::compile_interactive_resolved_root
P14	runtime module identity	ModuleBuildOptions fields reach module-build identity and validation	Repeat P13 with one-at-a-time compiler identity, edition, target, feature set and capability set changes; repeat options unchanged; test rooted+resolved ordinary+interactive wrappers.	At canonical_graph_module_identity, equal canonical options yield equal ModuleVersionId; each ModuleBuilder identity-bearing field changes its module identity according to that existing builder contract, independent of whether artifact revision changes. Values remain42; required capability identity passed to build_resolved_source.	untested-identity-cell				662d29b79df8ab05a25bbadb941a689fd5bd5aae		P13 only supplies options. ProgramCompilationProduct currently does not expose module IDs; this cell needs a module-builder observation/test seam, not an invented assertion that inert options must alter executable artifact revision.	ProgramCompiler::compile_canonical_root;ProgramCompiler::compile_canonical_resolved_root;ProgramCompiler::compile_canonical_interactive_root;ProgramCompiler::compile_canonical_interactive_resolved_root;ProgramCompiler::compile_canonical_root_with_options;ProgramCompiler::compile_canonical_interactive_root_with_options;ProgramCompiler::compile_canonical_resolved_root_with_options;ProgramCompiler::compile_canonical_interactive_resolved_root_with_options;ProgramCompiler::compile_root;ProgramCompiler::compile_interactive_root;ProgramCompiler::compile_canonical_mixed_resolved_root;ProgramCompilerView::compile_resolved_root;ProgramCompilerView::compile_interactive_resolved_root
P15	runtime graph errors	missing dependency does not poison reusable interactive compiler	Valid configured timer root; broken root imports absent dependency; compile valid again with same compiler.	Valid product retains timer requirement and answer symbol; error includes missing canonical dependency; subsequent valid compilation succeeds.	existing-test-recorded-suite-pass	src/runtime/src/runtime/program/tests.rs:6254	canonical_interactive_root_keeps_resource_authority_and_dependency_errors	cargo +nightly-2026-03-03 test --locked -p mech-runtime --no-default-features --features full_compiler,full_source,resident-routing-source,compute --lib runtime::program::tests::canonical_interactive_root_keeps_resource_authority_and_dependency_errors -- --exact	e31d08260fac40bcf7982e854cc5d2623a606347			ProgramCompiler::compile_canonical_root;ProgramCompiler::compile_canonical_resolved_root;ProgramCompiler::compile_canonical_interactive_root;ProgramCompiler::compile_canonical_interactive_resolved_root;ProgramCompiler::compile_canonical_root_with_options;ProgramCompiler::compile_canonical_interactive_root_with_options;ProgramCompiler::compile_canonical_resolved_root_with_options;ProgramCompiler::compile_canonical_interactive_resolved_root_with_options;ProgramCompiler::compile_root;ProgramCompiler::compile_interactive_root
P16	runtime ordered graph	ordered roots share prior definitions and publish caller order	first defines seed41; second defines answer=seed+1; separate missing export and dependency cycle pairs.	Source/decoded outputs seed41,answer42 in caller order; missing export and cycles reject.	existing-test-recorded-suite-pass	src/runtime/src/runtime/program/tests.rs:6462	canonical_ordered_roots_share_prior_definitions_and_reject_invalid_edges	cargo +nightly-2026-03-03 test --locked -p mech-runtime --no-default-features --features full_compiler,full_source,resident-routing-source,compute --lib runtime::program::tests::canonical_ordered_roots_share_prior_definitions_and_reject_invalid_edges -- --exact	e31d08260fac40bcf7982e854cc5d2623a606347	G16	Direct/prior definitions only; no transitive live alias proof.	ProgramCompiler::compile_canonical_roots;ProgramCompiler::compile_roots
P17	engine ordered documents	explicit root exports retain live state and independent source maps	CanonicalOrderedDocument dependency identity1 increments counter; main identity0 imports RootExport(counter) and adds1; dependency ordered before main for lowering.	One state; both retained document anchors; output caller identity order answer,counter; answer turns2,3,4.	existing-test-recorded-suite-pass	src/engine/tests/canonical_document_state.rs:1078	ordered_retained_roots_link_live_exports_and_preserve_caller_output_order	cargo +nightly-2026-03-03 test --locked -p mech-engine --no-default-features --features full_compiler,full_source,resident-artifact --test canonical_document_state ordered_retained_roots_link_live_exports_and_preserve_caller_output_order -- --exact	662d29b79df8ab05a25bbadb941a689fd5bd5aae			ProgramCompiler::compile_canonical_roots;ProgramCompiler::compile_roots;CanonicalSourceFrontend::compile_ordered_documents_with_catalog;CanonicalSourceProgram::compile_artifact
P18	runtime ordered graph	transitive path to an explicit root shares live dependency instance	Explicit roots main and dep; main imports middle; middle imports dep; dep counter increments each turn.	Main outputs1 then2; frozen observation is1 then1.	observed-wrong-value	src/runtime/tests/s8_replacement_gap_audit.rs:278	ordered_transitive_explicit_root_witness	MECH_AUDIT_REQUIRE_PASS=1 cargo +nightly-2026-03-03 test --locked -p mech-runtime --no-default-features --features full_compiler,full_source,resident-routing-source,compute --test s8_replacement_gap_audit ordered_transitive_explicit_root_witness -- --exact	662d29b79df8ab05a25bbadb941a689fd5bd5aae	G16	Run MECH_AUDIT_REQUIRE_PASS=1 with this command to fail on the known wrong value.	ProgramCompiler::compile_canonical_roots;ProgramCompiler::compile_roots
P19	runtime ordered provider ownership	direct explicit dependency plans its provider once	main imports explicit dep; dep exports configured planned clock value41; call canonical and shipping ordered wrappers.	Plan counter exactly1; outputs caller order answer,value.	existing-test-recorded-suite-pass	src/runtime/src/runtime/program/tests.rs:2856	explicit_dependency_root_plans_provider_reads_exactly_once	cargo +nightly-2026-03-03 test --locked -p mech-runtime --no-default-features --features full_compiler,full_source,resident-routing-source,compute --lib runtime::program::tests::explicit_dependency_root_plans_provider_reads_exactly_once -- --exact	e31d08260fac40bcf7982e854cc5d2623a606347		Direct edge only; not a transitive provider-count or live-read test.	ProgramCompiler::compile_canonical_roots;ProgramCompiler::compile_roots
P20	runtime ordered provider ownership	transitive explicit dependency plans once and contributes one live read per turn	Use P18 three-file graph with dep @clock:=test://clock/tick{:read(delta-seconds)}; value:=@clock/delta-seconds; exportvalue; instrument PlanningObservationProvider plans/reads; explicit main,dep.	Compilation plans provider once and live reads0; installed live artifact owns one clock observation; turn values41 then42 reach main; no duplicate read from middle.	untested-transitive-provider-cell				662d29b79df8ab05a25bbadb941a689fd5bd5aae	G16	P18 stale counter and P19 direct provider count do not establish this combination.	ProgramCompiler::compile_canonical_roots;ProgramCompiler::compile_roots
P21	runtime ordered lexical resources	cross-root local function keeps its defining resource context	first root declares @clock:=test://clock/first{:read(tick)} and sample() returning @clock/tick; second declares same alias clock/second then answer:=sample(); provider first=11, second=99.	Defining context determines sample result11; only the actually referenced resource is planned/live; source anchor stays in first document. Compare function invoked in defining root with cross-root invocation.	untested-cross-root-function-cell				662d29b79df8ab05a25bbadb941a689fd5bd5aae		No root-cause assignment before execution; global prior definitions are established by P16.	ProgramCompiler::compile_canonical_roots;ProgramCompiler::compile_roots;CanonicalSourceFrontend::compile_ordered_documents_with_catalog
P22	runtime ordered transactional planning	later-root rejection leaves no host effect and reusable compiler usable	First root has configured clock read+scene write as P08; second references missing export or incompatible typed value; retry valid second with same compiler.	Rejected compile performs0 live reads/preparations/deliveries and publishes no artifact; retry returns same identity/result as fresh compiler with the same valid roots.	untested-later-root-rejection-cell				662d29b79df8ab05a25bbadb941a689fd5bd5aae		P15 covers single-root graph reuse; P08 covers document effects separately.	ProgramCompiler::compile_canonical_roots;ProgramCompiler::compile_roots
P23	runtime mixed partitioning	one retained document owns coordinator, compute interface and typed initializer	MIXED_COMPUTE_SOURCE passed to compile_mixed_source -> compile_mixed_document.	Coordinator has no compute region; region calculation has one input x and output result; scalarF32 x initializer1.	existing-test-recorded-suite-pass	src/runtime/src/runtime/program/tests.rs:1219	canonical_mixed_document_owns_partitioning_and_typed_initializers	cargo +nightly-2026-03-03 test --locked -p mech-runtime --no-default-features --features full_compiler,full_source,resident-routing-source,compute --lib runtime::program::tests::canonical_mixed_document_owns_partitioning_and_typed_initializers -- --exact	e31d08260fac40bcf7982e854cc5d2623a606347		Interface/initializer proof; not complete application/backend execution.	ProgramCompiler::compile_mixed_source;ProgramCompiler::compile_mixed_document;ProgramCompiler::compile_mixed_tree;ProgramCompiler::compile_canonical_mixed_root;ProgramCompiler::compile_canonical_mixed_resolved_root;ProgramCompiler::compile_mixed_root;CanonicalSourceFrontend::compile_mixed_document_with_catalog_and_resources;CanonicalSourceFrontend::compile_mixed_document_with_planning_contract
P24	runtime mixed dependency graph	rooted and resolved mixed products share transitive imports	main imports dep imports leaf2f32; dep value3; compute x=dep/value; coordinator sends x=6; later supplied x10; self-cycle negative.	Both products share exact dep/leaf stamps; initializer3; activationinput6; compute turns produce9 then13; self-cycle rejects and compiler retry succeeds.	existing-test-recorded-suite-pass	src/runtime/src/runtime/program/tests.rs:1243	canonical_rooted_mixed_compilation_shares_transitive_imports_and_initializers	cargo +nightly-2026-03-03 test --locked -p mech-runtime --no-default-features --features full_compiler,full_source,resident-routing-source,compute --lib runtime::program::tests::canonical_rooted_mixed_compilation_shares_transitive_imports_and_initializers -- --exact	e31d08260fac40bcf7982e854cc5d2623a606347		Native resident compute execution only; actual backend profiles remain consumer qualification.	ProgramCompiler::compile_mixed_source;ProgramCompiler::compile_mixed_document;ProgramCompiler::compile_mixed_tree;ProgramCompiler::compile_canonical_mixed_root;ProgramCompiler::compile_canonical_mixed_resolved_root;ProgramCompiler::compile_mixed_root;CanonicalSourceFrontend::compile_mixed_document_with_planning_contract
P25	runtime mixed initializer shape	batched compute initializers retain outer extent and canonical values	lanes=[1f32 2f32 3f32 4f32]; coordinator sends lanes*0.001 to scalar compute input.	Activation matrix keeps four lanes with values0.001,0.002,0.003,0.004 and declared per-instance input schema.	existing-test-recorded-suite-pass	src/runtime/src/runtime/program/tests.rs:1353	canonical_mixed_document_retains_batched_activation_values	cargo +nightly-2026-03-03 test --locked -p mech-runtime --no-default-features --features full_compiler,full_source,resident-routing-source,compute --lib runtime::program::tests::canonical_mixed_document_retains_batched_activation_values -- --exact	e31d08260fac40bcf7982e854cc5d2623a606347		Native partition/activation value proof only.	ProgramCompiler::compile_mixed_source;ProgramCompiler::compile_mixed_document;ProgramCompiler::compile_mixed_tree;ProgramCompiler::compile_canonical_mixed_root;ProgramCompiler::compile_canonical_mixed_resolved_root;ProgramCompiler::compile_mixed_root;CanonicalSourceFrontend::compile_mixed_document_with_catalog_and_resources;CanonicalSourceFrontend::compile_mixed_document_with_planning_contract
P26	runtime mixed effect preflight	wrong coordinator payload shape rejects before provider execution	C-renamed mixed_document_rejects_coordinator_input_with_the_wrong_shape_without_a_provider uses incompatible coordinator send dimensions.	compile_mixed_document rejects with compute boundary planning failed and ElementCountMismatch for2x1 payload against2x2 declared matrix, without installing a provider.	existing-test-recorded-suite-pass	src/runtime/src/runtime/program/tests.rs:1525	mixed_document_rejects_coordinator_input_with_the_wrong_shape_without_a_provider	cargo +nightly-2026-03-03 test --locked -p mech-runtime --no-default-features --features full_compiler,full_source,resident-routing-source,compute --lib runtime::program::tests::mixed_document_rejects_coordinator_input_with_the_wrong_shape_without_a_provider -- --exact	e31d08260fac40bcf7982e854cc5d2623a606347		Direct error assertion only; no provider counters or partial-publication assertions in this test.	ProgramCompiler::compile_mixed_source;ProgramCompiler::compile_mixed_document;ProgramCompiler::compile_mixed_tree;ProgramCompiler::compile_canonical_mixed_root;ProgramCompiler::compile_canonical_mixed_resolved_root;ProgramCompiler::compile_mixed_root;CanonicalSourceFrontend::compile_mixed_document_with_catalog_and_resources;CanonicalSourceFrontend::compile_mixed_document_with_planning_contract
P27	runtime retirement	tree compiler APIs cease to be an independent production authority	Inspect frozen C ProgramCompiler::*tree*, ProgramCompilerView and runtime load_interactive_tree_program; run retirement-witness.py on C.	No callable production tree compiler, parser fallback, duplicate executable tree/cache authority remains after equivalent canonical responsibility cells pass.	observed-retirement-gap			python3 docs/design/grammar-audit/s8-replacement-audit/retirement-witness.py /path/to/c-candidate --require-closed	e31d08260fac40bcf7982e854cc5d2623a606347	G21	Source audit is an executable structural gate, not behavior proof.	ProgramCompiler::compile_tree;ProgramCompiler::compile_interactive_tree;ProgramCompiler::compile_tree_artifact;ProgramCompiler::compile_tree_artifact_with_inputs;ProgramCompiler::compile_tree_artifact_with_input_initializers;ProgramCompiler::evaluate_static_tree_symbols;ProgramCompiler::evaluate_static_tree_symbols_with_inputs;ProgramCompiler::compile_mixed_tree
P28	runtime existing-runtime compiler view	shipping rooted loader uses configured runtime contracts and same decoded revision	Existing runtime configured provider, input driver, read grant; main imports dep and external_source(); load_root_program then install resulting bytecode separately.	Both routes ResidentExternal; matching program revision and initial value; rooted dependencies planned before route selection.	existing-test-recorded-suite-pass	src/runtime/src/runtime/program/tests.rs:2697	resident_root_plans_the_resolved_source_import_closure_before_route_selection	cargo +nightly-2026-03-03 test --locked -p mech-runtime --no-default-features --features full_compiler,full_source,resident-routing-source,compute --lib runtime::program::tests::resident_root_plans_the_resolved_source_import_closure_before_route_selection -- --exact	e31d08260fac40bcf7982e854cc5d2623a606347		Evidence on C canonical routing, not B old-tree route.	ProgramCompiler::compile_canonical_root;ProgramCompiler::compile_canonical_resolved_root;ProgramCompiler::compile_canonical_interactive_root;ProgramCompiler::compile_canonical_interactive_resolved_root;ProgramCompiler::compile_canonical_root_with_options;ProgramCompiler::compile_canonical_interactive_root_with_options;ProgramCompiler::compile_canonical_resolved_root_with_options;ProgramCompiler::compile_canonical_interactive_resolved_root_with_options;ProgramCompiler::compile_root;ProgramCompiler::compile_interactive_root;ProgramCompilerView::compile_resolved_root
P29	runtime detached host values	finite supplied/default/static host-value acceptance	"Cross RuntimeHostInputValue variants Unit,Bool,String,U8,U16,U32,U64,U128,I8,I16,I32,I64,I128,F32,F64,Index,BoolMatrix,IndexMatrix,F32Matrix,F64Matrix with APIs inputs/defaults/static; source answer:=supplied; port:=supplied for selected live default. Value cases: true,""Δ"",7 for integer/Index,1.25 floating; matrices2x3 row-major. Negative Index0 and matrix element-count mismatch; disabled features reject."	Supplied input conversion accepts the20 enum forms subject to current feature/domain guards; constant-input compilation preserves accepted snapshot schema/value. Returned defaults/static projection currently accepts ONLY F32,F64 and2-D F32Matrix,F64Matrix; other exact types return RuntimeNumericValueUnsupported. Assert this boundary explicitly; whether product scope must widen it is a contract decision, not a presumed generic-schema promise. Index0 and mismatched/nonpositive matrix dimensions reject before effects.	untested-host-value-census-cell				662d29b79df8ab05a25bbadb941a689fd5bd5aae		P05/P10 cover F32/F32Matrix. Closed census is20 supplied forms x3 compiler responsibilities with four accepted return forms; general canonical Value input/binding and17 scalar type-identity cells live in schema-acceptance-cells.tsv.	ProgramCompiler::compile_document_artifact_with_inputs;ProgramCompiler::compile_document_artifact_with_input_initializers;ProgramCompiler::evaluate_static_document_symbols;ProgramCompiler::evaluate_static_document_symbols_with_inputs;ProgramCompiler::compile_tree_artifact_with_inputs;ProgramCompiler::compile_tree_artifact_with_input_initializers;ProgramCompiler::evaluate_static_tree_symbols;ProgramCompiler::evaluate_static_tree_symbols_with_inputs
P30	runtime planning conflicts	supplied input cannot shadow configured resource read	P06 provider read @provider/matrix plus explicit inputs map key @provider/matrix; use inputs/default/static methods.	Planning error names conflicting resource read; no live reads/effects; retry without conflicting supplied key succeeds.	untested-planning-conflict-cell				662d29b79df8ab05a25bbadb941a689fd5bd5aae		Source guard exists at compiler.rs canonical_planning_context; no direct existing assertion found.	ProgramCompiler::compile_document_artifact_with_inputs;ProgramCompiler::compile_document_artifact_with_input_initializers;ProgramCompiler::evaluate_static_document_symbols;ProgramCompiler::evaluate_static_document_symbols_with_inputs;ProgramCompiler::compile_tree_artifact_with_inputs;ProgramCompiler::compile_tree_artifact_with_input_initializers;ProgramCompiler::evaluate_static_tree_symbols;ProgramCompiler::evaluate_static_tree_symbols_with_inputs
P31	runtime graph admission	shipping request wrapper preserves missing-root error classification	SourceRequest absent.mec and malformed SourceRequest through compile_root,compile_interactive_root,compile_mixed_root and canonical counterparts; runtime loaders preserve public class.	SourceRequest::validate runs before resolver; shipping root missing error retains its documented InvalidArtifact route class; canonical missing-root API diagnostic remains anchored to request responsibility.	untested-wrapper-error-cell				662d29b79df8ab05a25bbadb941a689fd5bd5aae		C compile_root performs validation and route_failure before delegating; canonical root does not share that exact error wrapper.	ProgramCompiler::compile_root;ProgramCompiler::compile_interactive_root;ProgramCompiler::compile_canonical_mixed_root;ProgramCompiler::compile_mixed_root
P32	runtime interactive loader	existing-runtime interactive rooted projection keeps all root symbols	source41; answer=source+1; load_interactive_root_program on existing runtime.	ans42,answer42,source41; answer and source distinct binding IDs; initial result42.	existing-test-recorded-suite-pass	src/runtime/src/runtime/program/tests.rs:2751	interactive_root_loader_retains_document_symbols_and_reports_the_root_result	cargo +nightly-2026-03-03 test --locked -p mech-runtime --no-default-features --features full_compiler,full_source,resident-routing-source,compute --lib runtime::program::tests::interactive_root_loader_retains_document_symbols_and_reports_the_root_result -- --exact	e31d08260fac40bcf7982e854cc5d2623a606347			ProgramCompiler::compile_canonical_interactive_root;ProgramCompiler::compile_canonical_interactive_resolved_root;ProgramCompiler::compile_canonical_interactive_root_with_options;ProgramCompiler::compile_canonical_interactive_resolved_root_with_options;ProgramCompiler::compile_interactive_root;ProgramCompilerView::compile_interactive_resolved_root
P33	runtime interactive candidate lifecycle	denied replacement preserves accepted live state	Canonical NoTimerGrantFactory accepts counter document; step2; replace by resource document without required grant.	Compilation retains configured resource requirement; denied activation leaves original source and counter snapshot unchanged.	existing-test-recorded-suite-pass	src/runtime/src/runtime/program/tests.rs:6296	canonical_interactive_uses_configured_resource_planning	cargo +nightly-2026-03-03 test --locked -p mech-runtime --no-default-features --features full_compiler,full_source,resident-routing-source,compute --lib runtime::program::tests::canonical_interactive_uses_configured_resource_planning -- --exact	e31d08260fac40bcf7982e854cc5d2623a606347	G22	Native factory only; G22 owns actual browser factory adoption.	ProgramCompiler::compile_canonical_interactive_root;ProgramCompiler::compile_canonical_interactive_resolved_root;ProgramCompiler::compile_canonical_interactive_root_with_options;ProgramCompiler::compile_canonical_interactive_resolved_root_with_options;ProgramCompiler::compile_interactive_document;ProgramCompiler::compile_interactive_tree;ProgramCompiler::compile_interactive_root;CanonicalSourceFrontend::compile_interactive_document_with_catalog;CanonicalSourceFrontend::compile_interactive_document_with_planning_contract;ProgramCompilerView::compile_interactive_source;ProgramCompilerView::compile_interactive_resolved_root
F01	engine expression frontend	expression lowering preserves typed graph and retained anchors	Typed canonical expression constructed from retained syntax.	Source operation graph and output retain exact document/revision/ranges; compile_artifact accepts corresponding graph.	existing-test-recorded-suite-pass	src/engine/tests/canonical_source_semantics.rs:304	typed_expression_builds_source_program_and_preserves_anchors	cargo +nightly-2026-03-03 test --locked -p mech-engine --no-default-features --features full_compiler,full_source,resident-artifact --test canonical_source_semantics typed_expression_builds_source_program_and_preserves_anchors -- --exact	662d29b79df8ab05a25bbadb941a689fd5bd5aae		Expression construction only; semantic family witnesses are separate.	CanonicalSourceProgram::compile_artifact;CanonicalSourceFrontend::compile_expression
F02	engine definition frontend	definition annotations and mutable state preserve canonical type	Typed numeric/string/option definitions and ~state<u8>:=1 from test.	Literal/annotation schemas and state initializer types preserved; typed definition is not reinterpreted through an aggregate tree.	existing-test-recorded-suite-pass	src/engine/tests/canonical_source_semantics.rs:868	canonical_numeric_kinds_annotations_strings_and_state_are_preserved	cargo +nightly-2026-03-03 test --locked -p mech-engine --no-default-features --features full_compiler,full_source,resident-artifact --test canonical_source_semantics canonical_numeric_kinds_annotations_strings_and_state_are_preserved -- --exact	662d29b79df8ab05a25bbadb941a689fd5bd5aae		Broad direct semantic checks; runtime subtype gaps stay in semantic register.	CanonicalSourceFrontend::compile_definition
F03	engine admission	recovered syntax cannot produce partial semantics	Retained document containing incomplete syntax.	Document containing answer := followed by newline rejects with source-semantics/recovered-syntax before a program is returned.	existing-test-recorded-suite-pass	src/engine/tests/canonical_source_semantics.rs:97	typed_document_rejects_recovered_source_before_semantics	cargo +nightly-2026-03-03 test --locked -p mech-engine --no-default-features --features full_compiler,full_source,resident-artifact --test canonical_source_semantics typed_document_rejects_recovered_source_before_semantics -- --exact	662d29b79df8ab05a25bbadb941a689fd5bd5aae		Document witness plus shared reject_recovered_syntax call inspected at each typed frontend entry; add method-local recovery witness only if entry gains an independent admission path.	CanonicalSourceFrontend::compile_ordered_documents_with_catalog;CanonicalSourceFrontend::compile_expression;CanonicalSourceFrontend::compile_definition;CanonicalSourceFrontend::compile_document;CanonicalSourceFrontend::root_statement_nodes;CanonicalSourceFrontend::root_state_mutation_names;CanonicalSourceFrontend::compile_document_with_catalog;CanonicalSourceFrontend::compile_interactive_document_with_catalog;CanonicalSourceFrontend::compile_document_with_catalog_and_input_schemas;CanonicalSourceFrontend::compile_document_with_catalog_and_resources;CanonicalSourceFrontend::compile_interactive_document_with_catalog_and_resources;CanonicalSourceFrontend::compile_document_with_planning_contract;CanonicalSourceFrontend::compile_interactive_document_with_planning_contract;CanonicalSourceFrontend::compile_mixed_document_with_catalog_and_resources;CanonicalSourceFrontend::compile_mixed_document_with_planning_contract;CanonicalSourceFrontend::compile_named_document_scope;CanonicalSourceFrontend::compile_mika_section;CanonicalSourceFrontend::compile_named_mika_scope
F04	engine document collection	root statements compile in source order	Root document definition and expression units.	For answer := 40 + 2; answer, exactly one output and one math/add node; output source-map document equals retained document identity; compile_artifact succeeds.	existing-test-recorded-suite-pass	src/engine/tests/canonical_source_semantics.rs:79	typed_document_compiles_definition_and_expression_units_in_source_order	cargo +nightly-2026-03-03 test --locked -p mech-engine --no-default-features --features full_compiler,full_source,resident-artifact --test canonical_source_semantics typed_document_compiles_definition_and_expression_units_in_source_order -- --exact	662d29b79df8ab05a25bbadb941a689fd5bd5aae		One prior-definition dependency only; multiple state updates are independently witnessed in canonical_document_state.	CanonicalSourceFrontend::compile_document;CanonicalSourceFrontend::compile_document_with_catalog;CanonicalSourceFrontend::compile_interactive_document_with_catalog
F05	engine named document owners	named scopes are isolated and repeated fences share their owner	Two named interpreter scopes with repeated fences.	Each scope owns state; repeated same-name fences share it; parent/other named state not imported.	existing-test-recorded-suite-pass	src/engine/tests/canonical_document_state.rs:490	named_document_scopes_execute_separately_and_share_repeated_fences	cargo +nightly-2026-03-03 test --locked -p mech-engine --no-default-features --features full_compiler,full_source,resident-artifact --test canonical_document_state named_document_scopes_execute_separately_and_share_repeated_fences -- --exact	662d29b79df8ab05a25bbadb941a689fd5bd5aae			CanonicalSourceFrontend::compile_named_document_scope
F06	engine named document owners	absent named owner never falls back to root	Request absent/empty named interpreter scope.	Explicit missing-owner error instead of compiling root statements.	existing-test-recorded-suite-pass	src/engine/tests/canonical_document_state.rs:509	absent_named_scopes_never_fall_back_to_the_root_program	cargo +nightly-2026-03-03 test --locked -p mech-engine --no-default-features --features full_compiler,full_source,resident-artifact --test canonical_document_state absent_named_scopes_never_fall_back_to_the_root_program -- --exact	662d29b79df8ab05a25bbadb941a689fd5bd5aae			CanonicalSourceFrontend::compile_named_document_scope;CanonicalSourceFrontend::compile_named_mika_scope
F07	engine Mika ownership	Mika body state is local to exact retained section	Parent, sibling and nested Mika owners with repeated state names.	Each section executes only its own local state; root/child bindings cannot leak.	existing-test-recorded-suite-pass	src/engine/tests/canonical_document_state.rs:779	mika_bodies_execute_independently_of_parent_sibling_and_nested_state	cargo +nightly-2026-03-03 test --locked -p mech-engine --no-default-features --features full_compiler,full_source,resident-artifact --test canonical_document_state mika_bodies_execute_independently_of_parent_sibling_and_nested_state -- --exact	662d29b79df8ab05a25bbadb941a689fd5bd5aae			CanonicalSourceFrontend::compile_mika_section
F08	engine named Mika ownership	named fences within Mika share only that Mika owner	Root worker scope and Mika worker scope with output options.	Same name across owners stays isolated; repeated local named fences share state and visibility options.	existing-test-recorded-suite-pass	src/engine/tests/canonical_document_state.rs:804	mika_named_fences_share_only_their_local_owner_and_keep_output_options	cargo +nightly-2026-03-03 test --locked -p mech-engine --no-default-features --features full_compiler,full_source,resident-artifact --test canonical_document_state mika_named_fences_share_only_their_local_owner_and_keep_output_options -- --exact	662d29b79df8ab05a25bbadb941a689fd5bd5aae			CanonicalSourceFrontend::compile_named_mika_scope
F09	engine statement inspection	root statement nodes support transactional source removal	Semicolon-separated x/y definitions including CRLF; (x,y):=pair; z:=3; remove x alone versus tuple siblings together.	Clear x preserves y and separators; tuple partial clear rejects and source unchanged; joint clear preserves z.	existing-test-recorded-suite-pass	src/runtime/src/interactive.rs:1532	canonical_clear_preserves_same_line_statements_and_tuple_ownership	cargo +nightly-2026-03-03 test --locked -p mech-runtime --no-default-features --features full_compiler,full_source,resident-routing-source,compute --lib interactive::tests::canonical_clear_preserves_same_line_statements_and_tuple_ownership -- --exact	e31d08260fac40bcf7982e854cc5d2623a606347		Exercises root_statement_nodes through real native clear consumer; not browser clear qualification.	CanonicalSourceFrontend::root_statement_nodes
F10	engine mutation inspection	root mutation census excludes inactive owners	Submit named,disabled,uncalled-function and Mika-local counter updates beside live root counter.	Inactive submissions preserve root snapshot; direct root mutation recomputes only targeted state.	existing-test-recorded-suite-pass	src/runtime/src/interactive.rs:1595	canonical_inactive_mutations_preserve_root_state	cargo +nightly-2026-03-03 test --locked -p mech-runtime --no-default-features --features full_compiler,full_source,resident-routing-source,compute --lib interactive::tests::canonical_inactive_mutations_preserve_root_state -- --exact	e31d08260fac40bcf7982e854cc5d2623a606347		Indirectly exercises root_state_mutation_names through actual session consumer.	CanonicalSourceFrontend::root_state_mutation_names
F11	engine source input transport	input transport names are reversible and collision-free	Source names x,@ctx/path,Δ,mech-source-input-78.	Distinct encoded artifact names decode exactly and preserve original retained input anchor; source-context spelling does not resolve a provider.	existing-test-recorded-suite-pass	src/engine/tests/canonical_source_review.rs:537	input_interfaces_transport_source_identity_without_resolving_contexts	cargo +nightly-2026-03-03 test --locked -p mech-engine --no-default-features --features full_compiler,full_source,resident-artifact --test canonical_source_review input_interfaces_transport_source_identity_without_resolving_contexts -- --exact	662d29b79df8ab05a25bbadb941a689fd5bd5aae		Out-of-range ordinal None checked by F12.	CanonicalSourceProgram::artifact_input_name;CanonicalSourceProgram::compile_artifact;CanonicalSourceFrontend::compile_expression
F12	engine source input transport	out-of-range input ordinal returns no transport name	Compile expression x<u8>; artifact_input_name(0) returnsencodedx; artifact_input_name(1) and usize::MAX returnNone.	No panic and no synthesized identity for nonexistent ordinal.	untested-input-ordinal-cell				662d29b79df8ab05a25bbadb941a689fd5bd5aae			CanonicalSourceProgram::artifact_input_name
F13	engine constant binding	fixed imported snapshot specializes inferred matrix dimensions	Compile matrix<[u64]>; bind input0 to canonical U64 snapshots2x2,1x4,3x1.	Zero remaining inputs; output points to canonical constant; exact shape parameter values follow supplied dimensions.	existing-test-recorded-suite-pass	src/engine/tests/canonical_source_semantics.rs:2386	fixed_matrix_snapshots_bind_to_inferred_input_dimensions	cargo +nightly-2026-03-03 test --locked -p mech-engine --no-default-features --features full_compiler,full_source,resident-artifact --test canonical_source_semantics fixed_matrix_snapshots_bind_to_inferred_input_dimensions -- --exact	662d29b79df8ab05a25bbadb941a689fd5bd5aae			CanonicalSourceProgram::bind_input_constants
F14	engine constant binding	resolved dependency export seals into canonical constant	Root imports dep export42 via retained SourceResolver and CanonicalDocumentCompilation.bind_resolved_imports.	No artifact inputs, no live compiler cell; activated result42.	existing-test-recorded-suite-pass	src/runtime/tests/canonical_declaration_handoff.rs:119	resolved_canonical_exports_can_be_sealed_into_artifact_constants	cargo +nightly-2026-03-03 test --locked -p mech-runtime --no-default-features --features full_compiler,full_source,resident-routing-source,compute --test canonical_declaration_handoff resolved_canonical_exports_can_be_sealed_into_artifact_constants -- --exact	e31d08260fac40bcf7982e854cc5d2623a606347			CanonicalSourceProgram::bind_input_constants
F15	engine constant binding	binding errors and input renumbering preserve all reference owners	Canonical program with inputs a,b,c referenced separately in state initializer,node,output,constraint; bind b then a. Negative duplicate ordinal, out-of-range ordinal and incompatible schema snapshots.	Remaining c becomes ordinal0 consistently across all four owners and source_map; bound constants exact; duplicate/out-of-range/incompatible binding rejects at corresponding input anchor.	untested-binding-remap-cell				662d29b79df8ab05a25bbadb941a689fd5bd5aae		Fixed-matrix and one-export witnesses do not establish the multi-input remapping/error cases.	ProgramCompiler::compile_document_artifact_with_inputs;ProgramCompiler::compile_document_artifact_with_input_initializers;ProgramCompiler::compile_tree_artifact_with_inputs;ProgramCompiler::compile_tree_artifact_with_input_initializers;CanonicalSourceProgram::bind_input_constants
F16	engine referenced input census	only executable references count across four source reference owners	Construct SourceProgram with inputs initializer,node-only,output-only,constraint-only,unused; reference each of first4 in its matching owner; no reference to fifth.	referenced_input_names exactly first4 names; duplicate references deduplicate; unused declaration omitted.	untested-reference-census-cell				662d29b79df8ab05a25bbadb941a689fd5bd5aae		Current method loops four owner lists; source-level complex controls may also own captures and require checking in semantic control audit.	CanonicalSourceProgram::referenced_input_names
F17	engine resource binding	replacing a middle input with resource read rewires every reference	Program inputs a,b,c; b referenced by state initializer,node,output,constraint; bind_resource_input b to explicit request; then bindunknown. Compile artifact using configured external resolver.	b input removed; c index decremented; all prior nodes shifted1; state producer IDs shifted; every b use references new readnode0; unknown name gives source-semantics/unknown-resource-input.	untested-resource-remap-cell				662d29b79df8ab05a25bbadb941a689fd5bd5aae		P08/P09 cover simple integrated resource binding; this cell enumerates its independent remapping branches.	ProgramCompiler::compile_document_artifact_with_inputs;ProgramCompiler::compile_document_artifact_with_input_initializers;ProgramCompiler::compile_tree_artifact_with_inputs;ProgramCompiler::compile_tree_artifact_with_input_initializers;CanonicalSourceProgram::bind_resource_input;CanonicalSourceFrontend::compile_document_with_catalog_and_resources;CanonicalSourceFrontend::compile_interactive_document_with_catalog_and_resources
F18	engine artifact contracts	external contract resolver owns requirement-bearing operation contracts	Use configured read/write semantic program; resolver cases present matching contract, missing contract, mismatched capability/schema, nonexistent requirement ID; compare compile_artifact without external resolver.	Matching provider contract retained in artifact and roundtrip; missing/mismatched contract and nonexistent requirement reject before activation; no host read/write performed by resolution.	untested-external-contract-error-cell				662d29b79df8ab05a25bbadb941a689fd5bd5aae		P08 covers configured success and runtime authorization; explicit resolver rejection branches are not covered by a no-input expression.	CanonicalSourceProgram::compile_artifact_with_external_contracts;CanonicalSourceFrontend::compile_document_with_catalog_and_resources;CanonicalSourceFrontend::compile_interactive_document_with_catalog_and_resources
F19	engine schema override admission	supplied schema narrows only named inputs	compile_document_with_catalog_and_input_schemas source answer:=provided<[f32]:2,3>; override provided as2x3F32 (pass),3x2F32/incompatiblebool (reject); unrelated override key must not become live input.	Matching shape/type retained; conflicts reject at provided annotation; absent override keys add no source authority or live port.	untested-schema-override-cell				662d29b79df8ab05a25bbadb941a689fd5bd5aae		P06 tests provider-shape path, not this public schema-only wrapper.	CanonicalSourceFrontend::compile_document_with_catalog_and_input_schemas
F20	engine static semantic projection	static projection retains state dependencies and anchors	unrelated7+8; ~answer40; answer+=2; other9+10; retain answer, then empty, then missing.	Pruned nodes retain sole answer state and aligned source maps; compile_artifact succeeds; empty projection has no nodes/state; missing binding yields positioned unknown-published-binding error.	existing-test-recorded-suite-pass	src/engine/tests/canonical_source_semantics.rs:2438	static_output_projection_retains_state_dependencies_and_source_identity	cargo +nightly-2026-03-03 test --locked -p mech-engine --no-default-features --features full_compiler,full_source,resident-artifact --test canonical_source_semantics static_output_projection_retains_state_dependencies_and_source_identity -- --exact	662d29b79df8ab05a25bbadb941a689fd5bd5aae			ProgramCompiler::evaluate_static_document_symbols;ProgramCompiler::evaluate_static_document_symbols_with_inputs;ProgramCompiler::evaluate_static_tree_symbols;ProgramCompiler::evaluate_static_tree_symbols_with_inputs;CanonicalSourceProgram::compile_artifact;CanonicalSourceFrontend::compile_document_with_planning_contract;CanonicalSourceFrontend::compile_interactive_document_with_planning_contract
