cell-id	consumer-id	polarity	acceptance-name	frozen-input-policy	frozen-failure-policy	production-boundary	witness-source-or-test	execution-recipe	expected-result-or-policy	current-status	evidence	evidence-head	related-gaps	qualification-package
bundle-web.project.positive	bundle-web.project	positive	bundle-transitive-root-42	raw	propagate	bundle_web_project -> emitted CanonicalProgramBundle -> production browser loader	src/bundle_web.rs::canonical_bundle_root_executes_with_transitive_source_exports	cargo +nightly-2026-03-03 test --locked -p mech --no-default-features --features distribution-standard --lib canonical_bundle_root_executes_with_transitive_source_exports -- --nocapture; then serve output directory and load emitted code/demo.mec through WasmDocument.fromEncodedWithBundle with the emitted source map.	Root imports dep imports leaf(39); dep exports 40; root output 42. Bundle lists both dependency hashes; real page renders 42, and no old Program decoder participates.	blocked	Native producer test has historical evidence; real C WasmDocument payload decoder is incompatible. Producer-only pass does not prove loader execution.		G22	O04;O05
bundle-web.project.negative	bundle-web.project	negative	bundle-stale-transitive-rejection	raw	propagate	bundle_web_project producer and actual WasmDocument loader	src/bundle_web.rs::canonical_bundle_root_executes_with_transitive_source_exports;src/runtime/src/runtime/program/bundle.rs::canonical_bundle_rejects_stale_source_and_retired_tree_payload	cargo +nightly-2026-03-03 test --locked -p mech --no-default-features --features distribution-standard --lib canonical_bundle_rejects_missing_and_cyclic_dependencies -- --nocapture; in real browser load emitted root artifact while replacing only leaf source 39 with 100, then omit dep source in a second case.	Missing/cyclic dependency fails build. Actual browser rejects stale leaf or missing dep before activation, names the failed dependency, and preserves accepted output/state; retired Program payload is rejected.	blocked	Native producer/dependency validator demonstrates invalidation; exact real-loader stale-dependency witness blocked by G22.		G22	O04;O05
cli.compute-inline.positive	cli.compute-inline	positive	full-inline-configured-particle-and-ekf	trimmed	propagate	compile_inline_compute_application with normal CLI RunExecutionPlan and native runtime	src/cli/compute.rs::compile_inline_compute_application;examples/gpu-particles/particles.mec;examples/gpu-particles/mech.mcfg;examples/ekf/localization.mec;examples/ekf/mech.mcfg	In a CLI integration test load the checked-in particle configuration into the ordinary RunExecutionPlan, pass the complete source string to compile_inline_compute_application, install its factory and coordinator through the shipping CLI runtime, and submit two normal input/turn packets. Repeat the same entry using examples/ekf/localization.mec with examples/ekf/mech.mcfg through that identical native CLI entry.	Compilation attaches no driver and performs no execution. Configured authority is preserved; exact independent full-application particle/ EKF trace outputs and successive-turn state match the maintained reference. All coordinator setup, input defaults and outputs participate.	untested	Canonical mixed compiler and backend tests exist, but this exact complete-source native CLI entry is not established by a region-only compiler test.			O04;O05
cli.compute-inline.negative	cli.compute-inline	negative	inline-compute-invalid-input-before-effects	trimmed	propagate	compile_inline_compute_application and shipping CLI runtime	src/runtime/src/runtime/program/tests.rs::mixed_document_rejects_coordinator_input_with_the_wrong_shape_without_a_provider	Use the same full source/config as the positive cell; replace the coordinator assignment to a fixed compute port with an incompatible matrix shape, then request a nonexistent backend. Count provider plans, reads, driver starts, and output publication before and after the error.	Incompatible shape and unsupported backend return NativeComputeCliError or positioned canonical error before execution; no driver starts, effects or output publication; a subsequent valid compile still succeeds.	untested	Runtime mixed-planning negative test passes in C. It does not invoke the native CLI compute helper or backend installation.			O04;O05
cli.format.positive	cli.format	positive	actual-format-preserves-document-without-execution	trimmed	propagate	mech format -> cli::commands::format::run	tests/mech_format_shims.rs::mech_format_custom_shim_renders_all_supported_slots;tests/fixtures/syntax-source-boundary/document.mec	Run built mech format on a temporary copy of the frozen document fixture using --out; require raw output equals retained source. Repeat with --html --shim tests/fixtures/shims/static-no-controller.html and an output file. Include leading whitespace, CRLF and combining Unicode source.	Raw text retains exact content/coordinates. HTML renders front matter/prose/inline/fences/state syntax, leaves evaluation placeholders unexecuted, and emits no computed output or host effect.	untested	Prepared CanonicalCliSource tests prove renderer behavior; existing process shim tests are relevant but exact C source-content/error product cells remain unrun.			O04;O05
cli.format.negative	cli.format	negative	actual-format-malformed-publishes-nothing	trimmed	propagate	mech format -> cli::commands::format::run	tests/fixtures/syntax-source-boundary/malformed.mec;tests/mech_format_shims.rs::mech_format_unresolvable_standalone_dependencies_publish_nothing	Write value := [ with leading CRLF/Unicode into a temporary .mec; invoke raw and --html format to absent output paths. Separately run the existing missing-dependency process regression.	Malformed retained input returns a nonzero command error at the retained position; no output file, HTML, JS or WASM partial bundle is published. Original source remains intact.	untested	Canonical adapter rejects malformed input; actual output-publication command contract is distinct and must be checked on C.			O04;O05
cli.run-classification.positive	cli.run-classification	positive	inline-source-is-executable-not-a-path	trimmed	return-false	mech run -> parses_as_executable_run_source	tests/mech_cli_host.rs::mech_run_single_quoted_formula_with_slash_is_inline_source;tests/mech_cli_host.rs::mech_run_inline_source_preserves_define_token	cargo +nightly-2026-03-03 test --locked -p mech --no-default-features --features distribution-standard --test mech_cli_host mech_run_single_quoted_formula_with_slash_is_inline_source -- --nocapture; cargo +nightly-2026-03-03 test --locked -p mech --no-default-features --features distribution-standard --test mech_cli_host mech_run_inline_source_preserves_define_token -- --nocapture	Single argv 1 / 2 and separate argv x := 1 classify as complete source and execute successfully; slash is not treated as filesystem path and := is not discarded.	untested	Tests invoke actual subprocess route; this audit did not rerun them on exact C. Prepared classifier positives are not process evidence.			O04;O05
cli.run-classification.negative	cli.run-classification	negative	inert-and-malformed-source-do-not-classify	trimmed	return-false	parses_as_executable_run_source through the shipping command classifier	src/cli/canonical_source.rs::canonical_cli_classifier_excludes_inert_local_and_malformed_source	Invoke the actual private classifier in a root-package unit regression with plain prose, displayed {{code}}, disabled fence, Mika-only source, and value := [; then use the same strings as mech run argv where applicable.	Classifier returns false for each inert/incomplete source; no local/disabled code executes or causes provider planning. Process reports non-source/unresolved input rather than treating malformed input as valid executable source.	untested	Prepared classifier already has these source cases; actual classifier delegates to canonical syntax, but that exact function/argv negative accounting must be recorded.			O04;O05
engine.frozen-ekf.positive	engine.frozen-ekf	positive	frozen-ekf-source-bytecode-4096-turns	trimmed	propagate	compile_frozen_ekf_product through canonical semantic frontend	src/engine/tests/resident_ekf_artifact_closure.rs::ordinary_source_and_bytecode_close_the_same_frozen_artifact;src/engine/tests/resident_ekf_program_execution.rs::source_and_bytecode_artifacts_execute_the_complete_frozen_trace	cargo +nightly-2026-03-03 test --locked -p mech-engine --no-default-features --features full_compiler,full_source,resident-artifact --test resident_ekf_artifact_closure ordinary_source_and_bytecode_close_the_same_frozen_artifact -- --nocapture; cargo +nightly-2026-03-03 test --locked -p mech-engine --no-default-features --features full_compiler,full_source,resident-artifact --test resident_ekf_program_execution source_and_bytecode_artifacts_execute_the_complete_frozen_trace -- --nocapture	Exact frozen source: 25 artifact nodes, 15 resident kernels, 3 integrity predicates, 2 state updates and 3 constraints; one frame resource/observation; source and decoded artifact run 4096 turns against retained independent reference/hash.	untested	Existing exact test is the correct frozen efficacy boundary. No fresh exact-C run for this target is in the audit validation record. It does not stand in for configured full EKF application tests.			O04;O05
engine.frozen-ekf.negative	engine.frozen-ekf	negative	frozen-ekf-changed-contract-rejected	trimmed	propagate	compile_frozen_ekf_product semantic admission before activation	src/engine/tests/resident_ekf_artifact_closure.rs::changed_frozen_constant_is_rejected_by_semantic_admission;src/engine/src/efficacy/ekf/closure.rs::second_observation_root_is_rejected_before_activation	cargo +nightly-2026-03-03 test --locked -p mech-engine --no-default-features --features full_compiler,full_source,resident-artifact --test resident_ekf_artifact_closure changed_frozen_constant_is_rejected_by_semantic_admission -- --nocapture; after G23: cargo +nightly-2026-03-03 test --locked -p mech-engine --no-default-features --features full_compiler,full_source,resident-artifact --lib second_observation_root_is_rejected_before_activation -- --nocapture	Replacing dt := 0.05 with 0.06 reports FrozenEkfArtifactClosureError; second observation root rejects before activation. No relaxed constants, alternate trace or extra input authority.	blocked	Integration negative exists but is unrun in this audit; engine-lib second-observation witness is currently blocked by 44 deleted-parser test build references.		G23	O04;O05
runtime.config-profile.positive	runtime.config-profile	positive	restricted-config-values-and-defaults	raw	propagate	parse_config_document -> canonical restricted config evaluator	src/runtime/src/config/profile/lower.rs::run_paths_parse_and_lower;src/runtime/src/config/profile/lower.rs::serve_presentation_parses_and_defaults_to_document	cargo +nightly-2026-03-03 test --locked -p mech-runtime --no-default-features --features full_compiler,full_source,resident-routing-source,compute --lib run_paths_parse_and_lower -- --nocapture; cargo +nightly-2026-03-03 test --locked -p mech-runtime --no-default-features --features full_compiler,full_source,resident-routing-source,compute --lib serve_presentation_parses_and_defaults_to_document -- --nocapture	config.run.paths [foo.mec,bar.mec] lowers in order; config.serve.presentation output lowers Output; absent presentation defaults Document. No general ProgramCompiler execution or host effects.	recorded-pass	Exact C runtime-library run records this named test as passing; this is runtime boundary evidence, not browser/CLI execution.	e31d08260fac40bcf7982e854cc5d2623a606347		O04;O05
runtime.config-profile.negative	runtime.config-profile	negative	unknown-config-fields-not-silently-ignored	raw	propagate	parse_config_document -> canonical restricted config evaluator	src/runtime/src/config/profile/lower.rs::unknown_run_field_fails;src/runtime/src/config/profile/lower.rs::unknown_serve_presentation_fails	cargo +nightly-2026-03-03 test --locked -p mech-runtime --no-default-features --features full_compiler,full_source,resident-routing-source,compute --lib unknown_run_field_fails -- --nocapture; cargo +nightly-2026-03-03 test --locked -p mech-runtime --no-default-features --features full_compiler,full_source,resident-routing-source,compute --lib unknown_serve_presentation_fails -- --nocapture	"config := {run: {bad: true}} rejects unknown field; config := {serve: {presentation: ""canvas""}} rejects with permitted values document/output; no partial settings accepted."	recorded-pass	Exact C runtime-library run records this named test as passing; this is runtime boundary evidence, not browser/CLI execution.	e31d08260fac40bcf7982e854cc5d2623a606347		O04;O05
runtime.interactive-clear.positive	runtime.interactive-clear	positive	clear-removes-complete-owned-binding	empty-literal+trimmed	propagate	ResidentReplSession::clear_variables	src/runtime/src/interactive.rs::canonical_clear_removes_definitions_assignments_and_op_assignments	cargo +nightly-2026-03-03 test --locked -p mech-runtime --no-default-features --features full_compiler,full_source,resident-routing-source,compute --lib canonical_clear_removes_definitions_assignments_and_op_assignments -- --nocapture	Starting ~x :=1; x=2; x+=1; y:=9, clearing x removes its definition and both writes and leaves exact source y := 9 newline; same-line y survives; clearing whole tuple removes its one owning declaration.	recorded-pass	Exact C runtime-library run records this named test as passing; this is runtime boundary evidence, not browser/CLI execution.	e31d08260fac40bcf7982e854cc5d2623a606347	G21	O04;O05
runtime.interactive-clear.negative	runtime.interactive-clear	negative	clear-absent-or-partial-tuple-is-atomic	empty-literal+trimmed	propagate	ResidentReplSession::clear_variables	src/runtime/src/interactive.rs::canonical_clear_preserves_same_line_statements_and_tuple_ownership	cargo +nightly-2026-03-03 test --locked -p mech-runtime --no-default-features --features full_compiler,full_source,resident-routing-source,compute --lib canonical_clear_preserves_same_line_statements_and_tuple_ownership -- --nocapture	Clearing x alone from (x,y):=pair rejects and leaves exact source/state; clearing already absent x also rejects without replacing accepted source.	recorded-pass	Exact C runtime-library run records this named test as passing; this is runtime boundary evidence, not browser/CLI execution.	e31d08260fac40bcf7982e854cc5d2623a606347	G21	O04;O05
runtime.interactive-replace.positive	runtime.interactive-replace	positive	replace-rewires-projection-without-replaying-state	trimmed	propagate	ResidentReplSession::replace_document / replace_source_preserving	src/runtime/src/interactive.rs::canonical_interactive_rewired_projection_uses_the_migrated_epoch	cargo +nightly-2026-03-03 test --locked -p mech-runtime --no-default-features --features full_compiler,full_source,resident-routing-source,compute --lib canonical_interactive_rewired_projection_uses_the_migrated_epoch -- --nocapture	After two extra turns a=3,b=106; replacing display:=a+10 with display:=b+10 preserves a=3,b=106 and publishes display=ans=116, not reset or replayed values.	recorded-pass	Exact C runtime-library run records this named test as passing; this is runtime boundary evidence, not browser/CLI execution.	e31d08260fac40bcf7982e854cc5d2623a606347	G21	O04;O05
runtime.interactive-replace.negative	runtime.interactive-replace	negative	bad-candidate-keeps-source-and-live-matrix	trimmed	propagate	ResidentReplSession candidate activation and commit	src/runtime/src/interactive.rs::canonical_interactive_matrix_projection_and_failed_candidate_preserve_state	cargo +nightly-2026-03-03 test --locked -p mech-runtime --no-default-features --features full_compiler,full_source,resident-routing-source,compute --lib canonical_interactive_matrix_projection_and_failed_candidate_preserve_state -- --nocapture	After values=[3;4] and display=[13;14], undefined-call candidate rejects; source and snapshots unchanged; subsequent accepted step gives values=[4;5].	recorded-pass	Exact C runtime-library run records this named test as passing; this is runtime boundary evidence, not browser/CLI execution.	e31d08260fac40bcf7982e854cc5d2623a606347	G21	O04;O05
runtime.interactive-reset.positive	runtime.interactive-reset	positive	reset-restores-initial-document-once	empty-literal	propagate	ResidentReplSession::reset	src/runtime/src/interactive.rs::canonical_interactive_lifecycle_executes_only_final_streams	cargo +nightly-2026-03-03 test --locked -p mech-runtime --no-default-features --features full_compiler,full_source,resident-routing-source,compute --lib canonical_interactive_lifecycle_executes_only_final_streams -- --nocapture	Initial x:=1 activates once; submitted y then replacement x:=3 take activations to 3; reset restores exact x:=1 source and activation count 4. Empty initial session resets to valid empty canonical document.	recorded-pass	Exact C runtime-library run records this named test as passing; this is runtime boundary evidence, not browser/CLI execution.	e31d08260fac40bcf7982e854cc5d2623a606347	G21	O04;O05
runtime.interactive-reset.negative	runtime.interactive-reset	negative	nonfinal-candidate-cannot-change-reset-baseline	empty-literal	propagate	ResidentReplSession finished-stream/reset lifecycle	src/runtime/src/interactive.rs::canonical_interactive_lifecycle_executes_only_final_streams	cargo +nightly-2026-03-03 test --locked -p mech-runtime --no-default-features --features full_compiler,full_source,resident-routing-source,compute --lib canonical_interactive_lifecycle_executes_only_final_streams -- --nocapture	Open submit and cancelled replacement reject; accepted source and activation count unchanged. A reset after those errors still restores initial accepted document, not cancelled bytes.	partially-tested	Exact C runtime-library run records this named test as passing; this is runtime boundary evidence, not browser/CLI execution. Existing test checks refusal and counts; the additional reset-after-cancel ordering must be added explicitly.	e31d08260fac40bcf7982e854cc5d2623a606347	G21	O04;O05
runtime.interactive-submit.positive	runtime.interactive-submit	positive	submit-uses-selected-ans-and-suppression	trimmed	propagate	ResidentReplSession::submit / submit_finished_stream	src/runtime/src/interactive.rs::canonical_finished_stream_preserves_pending_selection	cargo +nightly-2026-03-03 test --locked -p mech-runtime --no-default-features --features full_compiler,full_source,resident-routing-source,compute --lib canonical_finished_stream_preserves_pending_selection -- --nocapture	Selected value 40 plus submitted ans+2 produces 42, then ans+1 gives 43; exactly one source echo; semicolon suppresses inspection event but not value/state; final stream matches complete submission.	recorded-pass	Exact C runtime-library run records this named test as passing; this is runtime boundary evidence, not browser/CLI execution.	e31d08260fac40bcf7982e854cc5d2623a606347	G21	O04;O05
runtime.interactive-submit.negative	runtime.interactive-submit	negative	failed-submit-preserves-selection-and-state	trimmed	propagate	ResidentReplSession::submit_without_source_echo via shared submit_prepared_entry	src/runtime/src/interactive.rs::canonical_finished_stream_preserves_pending_selection	cargo +nightly-2026-03-03 test --locked -p mech-runtime --no-default-features --features full_compiler,full_source,resident-routing-source,compute --lib canonical_finished_stream_preserves_pending_selection -- --nocapture	missing-name+ans fails while accepted source and counter remain unchanged; selected ans remains 40. Open/cancelled stream cannot enter activation.	recorded-pass	Exact C runtime-library run records this named test as passing; this is runtime boundary evidence, not browser/CLI execution.	e31d08260fac40bcf7982e854cc5d2623a606347	G21	O04;O05
runtime.module-index.positive	runtime.module-index	positive	stored-source-index-retains-owner-scopes	trimmed	propagate	source_index_for_module_record_source via module build/materialize context imports	src/runtime/src/resolver/memory.rs::canonical_insertion_hands_off_root_dependencies_and_preserves_local_owners;src/runtime/tests/canonical_declaration_handoff.rs::resolved_bindings_remain_local_to_root_named_and_mika_owners	Build/store a text-only module with +> ./root.mec and Mika-local +> ./child.mec plus @env/HOME; inspect the stored CanonicalDocumentIndex and resolve imported bindings through the actual module record route.	Exactly one root dependency ./root.mec with memory:main.mec referrer; one Mika-local child import/read remains local; imported/exported value bindings are usable without flattening scopes.	partially-tested	Resolver and declaration handoff evidence passes; actual optional-Program module-index branch remains and needs direct text-only plus cached-tree-negative coverage.	e31d08260fac40bcf7982e854cc5d2623a606347	G21	O04;O05
runtime.module-index.negative	runtime.module-index	negative	invalid-retained-authority-cannot-use-cached-program	trimmed	propagate	source_index_for_module_record_source -> SourceIndex for module record	src/runtime/src/runtime/module/tests/source_document_transfer.rs::invalid_canonical_authority_remains_rejected_after_module_transfer	Construct retained source with fuel=1 diagnostics; attach an available stale Program tree only as a pre-retirement regression input, then ask actual module-index/context materialization route to index it. Final deletion removes this cached-tree construction API entirely.	Invalid retained authority stays rejected before source facts/context bindings publish; no cached Program success can override its diagnostics. Module transfer must preserve invalidity.	blocked	C helper still returns SourceIndex::from_program whenever syntax_tree exists (module/mod.rs:44–49); existing transfer test has no Program and does not cover that branch.		G21	O04;O05
runtime.program-artifact.positive	runtime.program-artifact	positive	artifact-nonempty-values-and-live-defaults	trimmed	propagate	compile_document_artifact_with_inputs / with_input_initializers / static projection	src/runtime/src/runtime/program/tests.rs::canonical_static_symbols_filter_and_detach_matrix_values	cargo +nightly-2026-03-03 test --locked -p mech-runtime --no-default-features --features full_compiler,full_source,resident-routing-source,compute --lib canonical_static_symbols_filter_and_detach_matrix_values -- --nocapture	Explicit f32 matrix input/default is preserved as 2x2 values[1,2,3,4]; filtered answer projection is42; projected defaults detach from compiled artifact and become exactly one requested live input.	recorded-pass	Exact C runtime-library run records this named test as passing; this is runtime boundary evidence, not browser/CLI execution.	e31d08260fac40bcf7982e854cc5d2623a606347	G21	O04;O05
runtime.program-artifact.negative	runtime.program-artifact	negative	artifact-projection-unavailable-name-does-not-alias	trimmed	propagate	evaluate_static_document_symbols_with_inputs and artifact projection	src/runtime/src/runtime/program/tests.rs::canonical_static_symbol_result_does_not_alias_the_implicit_result	cargo +nightly-2026-03-03 test --locked -p mech-runtime --no-default-features --features full_compiler,full_source,resident-routing-source,compute --lib canonical_static_symbol_result_does_not_alias_the_implicit_result -- --nocapture; cargo +nightly-2026-03-03 test --locked -p mech-runtime --no-default-features --features full_compiler,full_source,resident-routing-source,compute --lib canonical_resource_defaults_do_not_create_unselected_live_observations -- --nocapture	Requested static symbol is resolved by its own output mapping; unknown symbol rejects instead of returning the implicit final output. Unselected resource defaults do not create live inputs.	recorded-pass	Exact C runtime-library run records this named test as passing; this is runtime boundary evidence, not browser/CLI execution.	e31d08260fac40bcf7982e854cc5d2623a606347	G21	O04;O05
runtime.program-compile.positive	runtime.program-compile	positive	production-root-compiler-resolves-dependency	trimmed	propagate	ProgramCompiler::compile_root -> canonical graph/source entry	src/runtime/src/runtime/program/tests.rs::cutover_rooted_entrypoints_use_the_canonical_dependency_graph	cargo +nightly-2026-03-03 test --locked -p mech-runtime --no-default-features --features full_compiler,full_source,resident-routing-source,compute --lib cutover_rooted_entrypoints_use_the_canonical_dependency_graph -- --nocapture	dep exports41, main adds1; actual root wrapper produces output42 and one dependency, ordinary product has no interactive symbol output mapping. Explicit transitive ordered roots are separately failing G16.	recorded-pass	Exact C runtime-library run records this named test as passing; this is runtime boundary evidence, not browser/CLI execution.	e31d08260fac40bcf7982e854cc5d2623a606347	G16;G21	O04;O05
runtime.program-compile.negative	runtime.program-compile	negative	compiler-missing-dependency-no-stale-reuse	trimmed	propagate	ProgramCompiler rooted source graph plus shared canonical compiler	src/runtime/src/runtime/program/tests.rs::canonical_interactive_root_keeps_resource_authority_and_dependency_errors	cargo +nightly-2026-03-03 test --locked -p mech-runtime --no-default-features --features full_compiler,full_source,resident-routing-source,compute --lib canonical_interactive_root_keeps_resource_authority_and_dependency_errors -- --nocapture	main with configured timer keeps exact resource requirement; broken root importing absent.mec rejects as missing canonical dependency; compiling valid root afterward succeeds without poisoned graph.	partially-tested	Exact C runtime-library run records this named test as passing; this is runtime boundary evidence, not browser/CLI execution. Negative executes interactive canonical route; repeat ordinary public compile_root with same broken resolver source to close its exact dispatch cell.	e31d08260fac40bcf7982e854cc5d2623a606347	G21	O04;O05
runtime.program-declaration-tree.positive	runtime.program-declaration-tree	positive	mixed-declarations-share-transitive-values	trimmed	propagate	compile_mixed_document / compile_canonical_mixed_root / resolved variant	src/runtime/src/runtime/program/tests.rs::canonical_rooted_mixed_compilation_shares_transitive_imports_and_initializers	cargo +nightly-2026-03-03 test --locked -p mech-runtime --no-default-features --features full_compiler,full_source,resident-routing-source,compute --lib canonical_rooted_mixed_compilation_shares_transitive_imports_and_initializers -- --nocapture	leaf2 -> dep3; compute x default3, coordinator activation x6; live inputs6 and10 produce outputs9 and13; root/resolved products match revisions and list both dependency stamps.	recorded-pass	Exact C runtime-library run records this named test as passing; this is runtime boundary evidence, not browser/CLI execution.	e31d08260fac40bcf7982e854cc5d2623a606347	G21	O04;O05
runtime.program-declaration-tree.negative	runtime.program-declaration-tree	negative	mixed-cycle-and-multiple-regions-fail	trimmed	propagate	canonical mixed declaration partition and dependency graph	src/runtime/src/runtime/program/tests.rs::mixed_compilation_rejects_multiple_compute_regions_for_v04	cargo +nightly-2026-03-03 test --locked -p mech-runtime --no-default-features --features full_compiler,full_source,resident-routing-source,compute --lib mixed_compilation_rejects_multiple_compute_regions_for_v04 -- --nocapture; cargo +nightly-2026-03-03 test --locked -p mech-runtime --no-default-features --features full_compiler,full_source,resident-routing-source,compute --lib canonical_rooted_mixed_compilation_shares_transitive_imports_and_initializers -- --nocapture	Two compute regions reject under the explicit v0.4 single-region contract; a cyclic dependency root rejects and compiler subsequently handles a valid graph. No duplicate/partial coordinator effects.	recorded-pass	Exact C runtime-library run records this named test as passing; this is runtime boundary evidence, not browser/CLI execution.	e31d08260fac40bcf7982e854cc5d2623a606347	G21	O04;O05
runtime.program-executable-tree.positive	runtime.program-executable-tree	positive	only-active-root-units-plan-resources	trimmed	propagate	compile_document / compile_canonical_source executable unit collector	src/runtime/src/runtime/program/tests.rs::canonical_resource_planning_excludes_inactive_document_owners	cargo +nightly-2026-03-03 test --locked -p mech-runtime --no-default-features --features full_compiler,full_source,resident-routing-source,compute --lib canonical_resource_planning_excludes_inactive_document_owners -- --nocapture	Root answer42 compiles while unavailable resource reads/sends inside named worker, disabled fence and Mika child produce zero root artifact inputs and no resource planning.	recorded-pass	Exact C runtime-library run records this named test as passing; this is runtime boundary evidence, not browser/CLI execution.	e31d08260fac40bcf7982e854cc5d2623a606347	G21	O04;O05
runtime.program-executable-tree.negative	runtime.program-executable-tree	negative	active-unbound-context-rejects	trimmed	propagate	compile_document / compile_canonical_source executable unit collector	src/runtime/src/runtime/program/tests.rs::canonical_resource_planning_excludes_inactive_document_owners	cargo +nightly-2026-03-03 test --locked -p mech-runtime --no-default-features --features full_compiler,full_source,resident-routing-source,compute --lib canonical_resource_planning_excludes_inactive_document_owners -- --nocapture	Same @missing/input read at root or ordinary executable fence rejects; inactive owner exclusion must not hide actual active root failure.	recorded-pass	Exact C runtime-library run records this named test as passing; this is runtime boundary evidence, not browser/CLI execution.	e31d08260fac40bcf7982e854cc5d2623a606347	G21	O04;O05
runtime.program-interactive.positive	runtime.program-interactive	positive	interactive-result-and-symbol-identity	trimmed	propagate	compile_interactive_document / canonical rooted interactive variants	src/runtime/src/runtime/program/tests.rs::canonical_resolved_and_rooted_interactive_compilation_preserve_revision_and_symbols	cargo +nightly-2026-03-03 test --locked -p mech-runtime --no-default-features --features full_compiler,full_source,resident-routing-source,compute --lib canonical_resolved_and_rooted_interactive_compilation_preserve_revision_and_symbols -- --nocapture; cargo +nightly-2026-03-03 test --locked -p mech-runtime --no-default-features --features full_compiler,full_source,resident-routing-source,compute --lib canonical_interactive_result_identity_is_independent_of_fence_publication -- --nocapture	Resolved/rooted interactive outputs preserve document/revision and symbol names; fixture with fenced41 and ordinary42 returns program_output=ans=42, independent of fenced publication ordinal.	recorded-pass	Exact C runtime-library run records this named test as passing; this is runtime boundary evidence, not browser/CLI execution.	e31d08260fac40bcf7982e854cc5d2623a606347	G21	O04;O05
runtime.program-interactive.negative	runtime.program-interactive	negative	interactive-denied-candidate-preserves-authority	trimmed	propagate	canonical interactive root and accepted-candidate lifecycle	src/runtime/src/runtime/program/tests.rs::canonical_interactive_uses_configured_resource_planning	cargo +nightly-2026-03-03 test --locked -p mech-runtime --no-default-features --features full_compiler,full_source,resident-routing-source,compute --lib canonical_interactive_uses_configured_resource_planning -- --nocapture	Denied new resource candidate keeps accepted source/state; no extra driver/effect becomes active; resource scheme/config authority is enforced while reusable compiler/session remains valid.	recorded-pass	Exact C runtime-library run records this named test as passing; this is runtime boundary evidence, not browser/CLI execution.	e31d08260fac40bcf7982e854cc5d2623a606347	G21	O04;O05
runtime.program-source-tree.positive	runtime.program-source-tree	positive	compiler-retains-one-accepted-source-revision	trimmed	propagate	SourceDocument handoff through module/store/workspace into compiler	src/runtime/src/workspace/load.rs::workspace_snapshot_preserves_the_exact_accepted_source_revision	cargo +nightly-2026-03-03 test --locked -p mech-runtime --no-default-features --features full_compiler,full_source,resident-routing-source,compute --lib workspace_snapshot_preserves_the_exact_accepted_source_revision -- --nocapture	Stored value:=1 revision0 and workspace-transferred source share exact snapshot identity and raw bytes; resolved compiler records consume the retained revision.	recorded-pass	Exact C runtime-library run records this named test as passing; this is runtime boundary evidence, not browser/CLI execution.	e31d08260fac40bcf7982e854cc5d2623a606347	G21	O04;O05
runtime.program-source-tree.negative	runtime.program-source-tree	negative	rejected-source-does-not-consume-accepted-revision	trimmed	propagate	SourceDocument module/store/compiler source history	src/runtime/src/runtime/module/tests/source_document_transfer.rs::successful_and_rejected_runtime_replacements_preserve_revision_history	cargo +nightly-2026-03-03 test --locked -p mech-runtime --no-default-features --features full_compiler,full_source,resident-routing-source,compute --lib successful_and_rejected_runtime_replacements_preserve_revision_history -- --nocapture	Accept value1 at revision0 and value2 at revision1; reject value:=[; next valid value3 uses revision2; earlier exact text remains readable and same document identity is retained.	recorded-pass	Exact C runtime-library run records this named test as passing; this is runtime boundary evidence, not browser/CLI execution.	e31d08260fac40bcf7982e854cc5d2623a606347	G21	O04;O05
runtime.resolver-file.positive	runtime.resolver-file	positive	file-accepted-revision	trimmed	propagate	SourceResolver for FileSourceResolver::resolve	src/runtime/src/resolver/file.rs::canonical_file_replacement_advances_revision_and_rejection_preserves_history	cargo +nightly-2026-03-03 test --locked -p mech-runtime --no-default-features --features full_compiler,full_source,resident-routing-source,compute --lib canonical_file_replacement_advances_revision_and_rejection_preserves_history -- --nocapture; repeat its calls via SourceResolver::resolve, not only resolve_canonical.	Resolve file value1 at revision0; malformed edit rejects; value2 resolves at revision1 with same document ID; original exact text remains readable; relative dependency referrers remain file URI scoped.	partially-tested	Named canonical test passed; actual resolve uses same with_source_revision(...admit_canonical_document) admission but is a separate method body. Repeat exact identity/error cases through trait entry.	e31d08260fac40bcf7982e854cc5d2623a606347		O04;O05
runtime.resolver-file.negative	runtime.resolver-file	negative	file-malformed-admission	trimmed	propagate	SourceResolver for FileSourceResolver::resolve	src/runtime/src/resolver/file.rs::canonical_file_resolution_rejects_malformed_retained_source	cargo +nightly-2026-03-03 test --locked -p mech-runtime --no-default-features --features full_compiler,full_source,resident-routing-source,compute --lib canonical_file_resolution_rejects_malformed_retained_source -- --nocapture; repeat its calls via SourceResolver::resolve, not only resolve_canonical.	Malformed value:=[ file rejects before facts are published; accepted file history unchanged. Missing path preserves resolver None/I/O policy instead of parser fallback.	partially-tested	Named canonical test passed; actual resolve uses same with_source_revision(...admit_canonical_document) admission but is a separate method body. Repeat exact identity/error cases through trait entry.	e31d08260fac40bcf7982e854cc5d2623a606347		O04;O05
runtime.resolver-memory-insert.positive	runtime.resolver-memory-insert	positive	memory-insert-positive	trimmed	propagate	InMemorySourceResolver::insert_string	src/runtime/src/resolver/memory.rs::insert_string_retains_a_document_without_requiring_canonical_indexing	cargo +nightly-2026-03-03 test --locked -p mech-runtime --no-default-features --features full_compiler,full_source,resident-routing-source,compute --lib insert_string_retains_a_document_without_requiring_canonical_indexing -- --nocapture	Inserting complete table source retains byte-exact source document and no Program tree; source .index() provides typed index after admission.	recorded-pass	Actual production method is exercised by named test on C, not only canonical helper.	e31d08260fac40bcf7982e854cc5d2623a606347		O04;O05
runtime.resolver-memory-insert.negative	runtime.resolver-memory-insert	negative	memory-insert-negative	trimmed	propagate	InMemorySourceResolver::insert_string	src/runtime/src/resolver/memory.rs::malformed_replacement_is_transactional_and_preserves_the_prior_revision	cargo +nightly-2026-03-03 test --locked -p mech-runtime --no-default-features --features full_compiler,full_source,resident-routing-source,compute --lib malformed_replacement_is_transactional_and_preserves_the_prior_revision -- --nocapture	Actual insert_string rejects value:=[ replacement and keeps exact previous source, revision and snapshot pointer; no partial entry replacement.	recorded-pass	Actual production method is exercised by named test on C, not only canonical helper.	e31d08260fac40bcf7982e854cc5d2623a606347		O04;O05
runtime.resolver-memory-with.positive	runtime.resolver-memory-with	positive	infallible-builder-positive	trimmed	omit-cache	InMemorySourceResolver::with_string	src/runtime/src/resolver/memory.rs::supports_builder_style_insert	cargo +nightly-2026-03-03 test --locked -p mech-runtime --no-default-features --features full_compiler,full_source,resident-routing-source,compute --lib supports_builder_style_insert -- --nocapture; cargo +nightly-2026-03-03 test --locked -p mech-runtime --no-default-features --features full_compiler,full_source,resident-routing-source,compute --lib canonical_builder_retains_malformed_source_without_publishing_facts -- --nocapture	with_string(main.mec,x:=1) returns resolver containing named source; resolution retains complete source for typed indexing without competing Program cache.	recorded-pass	Actual builder malformed retention test plus shared insert_prepared_string(Ok) fact-isolation test pass in C; omission-of-cache is an intentional diagnostic policy.	e31d08260fac40bcf7982e854cc5d2623a606347		O04;O05
runtime.resolver-memory-with.negative	runtime.resolver-memory-with	negative	infallible-builder-negative	trimmed	omit-cache	InMemorySourceResolver::with_string	src/runtime/src/resolver/memory.rs::builder_preserves_invalid_source_for_canonical_parse_diagnostics	cargo +nightly-2026-03-03 test --locked -p mech-runtime --no-default-features --features full_compiler,full_source,resident-routing-source,compute --lib builder_preserves_invalid_source_for_canonical_parse_diagnostics -- --nocapture; cargo +nightly-2026-03-03 test --locked -p mech-runtime --no-default-features --features full_compiler,full_source,resident-routing-source,compute --lib canonical_builder_retains_malformed_source_without_publishing_facts -- --nocapture	with_string(broken.mec,x:=[) remains resolvable with exact malformed bytes and retained canonical diagnostics; no Program, imports, exports, contexts, scopes or dependencies are published.	recorded-pass	Actual builder malformed retention test plus shared insert_prepared_string(Ok) fact-isolation test pass in C; omission-of-cache is an intentional diagnostic policy.	e31d08260fac40bcf7982e854cc5d2623a606347		O04;O05
serve.workspace-render.positive	serve.workspace-render	positive	served-snapshot-content-and-source-map	raw	render-diagnostic	ServerSourceRegistry::sync_workspace_snapshot -> HTTP routes -> document controller	src/serve.rs::configured_served_root_uses_snapshot_dependencies_and_planning_hosts;tests/mech_serve.rs::mech_serve_process_routes_work_for_sources_directories_and_projects	cargo +nightly-2026-03-03 test --locked -p mech --no-default-features --features distribution-standard --features serve --lib configured_served_root_uses_snapshot_dependencies_and_planning_hosts -- --nocapture; run actual server and GET /main.mec, /code/main.mec, /source/dep.mec, /notes.mec before opening controller in browser.	Main root resource requirement preserves configured timer authority; dep41 is retained in source map; prose notes renders without artifact; dep is not promoted to independent run root; browser root output uses matching accepted snapshot.	blocked	Historical native 90-test server checkpoint is not fresh C evidence; registry assertions cannot prove HTTP/controller loading. Actual document browser phase blocked by G22.		G22	O04;O05
serve.workspace-render.negative	serve.workspace-render	negative	served-error-and-stale-snapshot-atomicity	raw	render-diagnostic	ServerSourceRegistry::sync_workspace_snapshot and actual HTTP/controller publication	src/serve.rs::configured_served_root_uses_snapshot_dependencies_and_planning_hosts	Change disk dep41 to43 without refreshing retained workspace and resync: compare artifact bytes unchanged. Refresh snapshot: require changed artifact revision and stale dependency rejection. Then write malformed main and request page/source/code routes.	No read-ahead to unrelated disk revisions; refreshed bundle carries new dependency identity. Malformed source publishes positioned diagnostic page and does not activate a partial new artifact or replace prior committed output.	blocked	Exact registry stale dependency protocol exists; malformed HTTP publication and accepted browser state are untested; G22 blocks real document loading.		G22	O04;O05
wasm.document-capture.positive	wasm.document-capture	positive	actual-browser-capture-respects-output-owner	fixed-capture	propagate	WasmDocument.fromEncodedWithBundle -> renderedOutput/renderedDocumentValue/document capture	src/wasm/src/canonical_document.rs::canonical_browser_capture_keeps_hidden_disabled_named_and_mika_owners	Build exact C browser_project_core WASM plus native canonical bundle producer; use tests/browser/harness ChromeSession to import src/wasm/pkg/mech_wasm.js, await init(), and construct WasmDocument from producer envelope and its source map. Load root, named worker and Mika-local scopes containing distinct outputs 1/3/4 with hidden root1 and disabled literal2. Query real rendered document values and output-associated DOM.	Hidden root output does not display; disabled literal2 is syntax only; named worker output3 and Mika-local output4 are associated with their actual owner and cannot capture each other or root.	blocked	Prepared renderer test supplies empty placeholder values, not actual execution. C decoder still expects Program; real result/owner assertion requires G22.		G22	O04;O05
wasm.document-capture.negative	wasm.document-capture	negative	actual-browser-rejects-stale-owner-results	fixed-capture	propagate	WasmDocument document-output capture after source replacement	src/wasm/src/canonical_document.rs::canonical_browser_capture_keeps_hidden_disabled_named_and_mika_owners	Build exact C browser_project_core WASM plus native canonical bundle producer; use tests/browser/harness ChromeSession to import src/wasm/pkg/mech_wasm.js, await init(), and construct WasmDocument from producer envelope and its source map. Capture owner results for revision3, replace source with answer5 at revision4, and attempt to apply revision3 capture/output identity.	Stale owner/revision result is rejected; no previous hidden/named/Mika result leaks into new document or becomes root output.	blocked	Prepared renderer rejects mismatched revision; current real bootstrap still uses old Program capture and is unqualified.		G22	O04;O05
wasm.initial-repl-source.positive	wasm.initial-repl-source	positive	actual-bootstrap-retains-original-bytes	trimmed	format-tree-fallback	WasmDocumentBootstrap::initial_repl_source reached through WasmDocument.replSource	src/wasm/src/canonical_document.rs::canonical_browser_source_preserves_exact_text_and_transactional_revisions	"Build exact C browser_project_core WASM plus native canonical bundle producer; use tests/browser/harness ChromeSession to import src/wasm/pkg/mech_wasm.js, await init(), and construct WasmDocument from producer envelope and its source map. Use source ""  value := 1\r\n-- e\u0301\r\n""; call document.replSource() and compare exact UTF-8 bytes before any submission."	Initial browser REPL source is exactly original leading whitespace, CRLF and combining Unicode; no formatter roundtrip or reparsing fallback manufactures source.	blocked	C initial_repl_source now returns source_map text directly; prepared raw-source test passes historically, but actual document construction is blocked.		G22	O04;O05
wasm.initial-repl-source.negative	wasm.initial-repl-source	negative	bootstrap-stale-envelope-cannot-recover-source	trimmed	format-tree-fallback	WasmDocument constructor plus initial source acceptance	src/runtime/src/runtime/program/bundle.rs::canonical_bundle_rejects_stale_source_and_retired_tree_payload	Build exact C browser_project_core WASM plus native canonical bundle producer; use tests/browser/harness ChromeSession to import src/wasm/pkg/mech_wasm.js, await init(), and construct WasmDocument from producer envelope and its source map. Supply canonical artifact envelope for value1 with source map changed to value2, and separately corrupt the embedded source_hash/document_id in the envelope. Attempt constructor/replSource before activation.	Reject mismatched served source or invalid embedded source identity before activation; never format cached Program as fallback. Valid standalone envelope may supply its own embedded root source: missing external root text alone is not a rejection contract.	blocked	C removed formatting fallback from initial_repl_source; integrity must be proven at real loader, not by returning an empty source after a successful stale construction.		G22	O04;O05
wasm.interactive-tree.positive	wasm.interactive-tree	positive	actual-browser-compiles-candidate-source	trimmed	propagate	WasmDocument.replReplaceSource/replInvoke -> bootstrap candidate compiler	src/wasm/src/project.rs::WasmDocumentBootstrap::interactive_tree;src/runtime/src/interactive.rs::canonical_interactive_rewired_projection_uses_the_migrated_epoch	Build exact C browser_project_core WASM plus native canonical bundle producer; use tests/browser/harness ChromeSession to import src/wasm/pkg/mech_wasm.js, await init(), and construct WasmDocument from producer envelope and its source map. Start ~a:=0,~b:=100,a+=1,b+=2,display:=a+10; step twice, replace display with b+10 using replReplaceSource and inspect replSource/renderedSymbol.	a3,b106 survive; display=ans116 and exact candidate text accepted. New candidate syntax is compiled; cached bootstrap Program is not reused.	blocked	C interactive_tree explicitly ignores candidate_source and clones initial Program (project.rs:588–591). Native session tests cannot qualify this path.		G22	O04;O05
wasm.interactive-tree.negative	wasm.interactive-tree	negative	actual-browser-bad-candidate-keeps-accepted-program	trimmed	propagate	WasmDocument.replReplaceSource/replInvoke accepted-candidate lifecycle	src/runtime/src/interactive.rs::canonical_interactive_matrix_projection_and_failed_candidate_preserve_state	Build exact C browser_project_core WASM plus native canonical bundle producer; use tests/browser/harness ChromeSession to import src/wasm/pkg/mech_wasm.js, await init(), and construct WasmDocument from producer envelope and its source map. With accepted values[3;4], submit bad:=undefined-call(values), then malformed value:=[; inspect source, output and next valid turn.	Error response preserves accepted source, state, selection and output; no partial candidate activation. Next valid step publishes values[4;5].	blocked	Native session failure test passes; actual C browser bootstrap source is ignored and requires adoption before this product assertion.		G22	O04;O05
wasm.mixed-compute-source.positive	wasm.mixed-compute-source	positive	complete-source-browser-cpu-and-webgpu	trimmed	map-js-error	WasmMixedComputeProject.fromSource -> configured browser compute bridge	scripts/smoke-canonical-compute-browser.py;scripts/smoke-gpu-particles-browser.py;examples/gpu-particles/particles.mec	python3 scripts/smoke-canonical-compute-browser.py --timeout 120; python3 scripts/smoke-gpu-particles-browser.py --backend gpu --particle-count 1000000 --timeout 180; repeat CPU using --backend cpu with the same complete configured source.	Canonical non-square batch source publishes exact expected successive matrices on CPU/WebGPU. Full checked-in particle source initializes and advances under actual pointer/compute config and publishes retained outputs; no extracted region or replaced source body.	untested	Historical B browser evidence exists. Isolated C wasm build passes but is not execution; exact C full-source CPU/WebGPU product run is unrecorded.			O04;O05
wasm.mixed-compute-source.negative	wasm.mixed-compute-source	negative	browser-unsupported-target-error-without-publication	trimmed	map-js-error	WasmMixedComputeProject.fromSource and completeComputeCommand	src/wasm/src/mixed_compute.rs::hard_region_placement_conflicts_are_reported_by_browser_compiler;scripts/test-browser-compute-lifecycle.mjs	In real browser call fromSource with complete configured source mutated to conflicting hard placement and with malformed source; then reject/abort an actual pending compute completion and attempt a valid next frame.	Positioned JsValue error for invalid source or unsupported target before execution; rejected/stale completion does not publish state or advance generation; valid following frame succeeds without stale writes.	untested	Native preparation/lifecycle unit evidence is not this exact WASM entry or rejection/publication protocol.			O04;O05
wasm.repl-format.positive	wasm.repl-format	positive	actual-repl-highlights-without-execution	trimmed	return-none	WasmDocument.replFormatSource	src/wasm/src/canonical_document.rs::canonical_browser_repl_renderer_obeys_admission_contract	"Build exact C browser_project_core WASM plus native canonical bundle producer; use tests/browser/harness ChromeSession to import src/wasm/pkg/mech_wasm.js, await init(), and construct WasmDocument from producer envelope and its source map. Call replFormatSource(""answer := 1 + 1; -- suppress this value""); compare highlighted markup and source/runtime state before and after."	HTML contains mech-code-block and mech-variable-define; semicolon terminal precedes comment; source/runtime/output unchanged because formatting does not compile or run code.	blocked	Actual method now uses canonical retained parse/renderer, but real document instantiation is G22-blocked; prepared renderer test is supplemental.		G22	O04;O05
wasm.repl-format.negative	wasm.repl-format	negative	actual-repl-noncode-returns-none	trimmed	return-none	WasmDocument.replFormatSource	src/wasm/src/canonical_document.rs::canonical_browser_repl_renderer_obeys_admission_contract	Build exact C browser_project_core WASM plus native canonical bundle producer; use tests/browser/harness ChromeSession to import src/wasm/pkg/mech_wasm.js, await init(), and construct WasmDocument from producer envelope and its source map. Call replFormatSource on answer:=[, :help, plain prose., a full mech fence and Mika-only source.	Returns JS undefined/None for every rejected input and leaves document/REPL state unchanged; cannot treat local/display-only code as root executable input.	blocked	Prepared canonical renderer negative cases exist; real method is unrun with current canonical document loader.		G22	O04;O05
wasm.repl-load-documentation.positive	wasm.repl-load-documentation	positive	documentation-request-renders-and-submits-once	raw	map-js-error	WasmDocument.replLoadDocumentation	src/wasm/src/project.rs::WasmDocument::repl_load_documentation	"Build exact C browser_project_core WASM plus native canonical bundle producer; use tests/browser/harness ChromeSession to import src/wasm/pkg/mech_wasm.js, await init(), and construct WasmDocument from producer envelope and its source map. Issue replInvoke("":docs audit/topic"") and read hostRequestId from its returned response. Call replLoadDocumentation with matching ID, topic and complete literate source containing ~counter:=0; counter+=1; fenced counter output."	accepted=true; returned HTML and response correspond to supplied document; exactly one successful host submission; counter advances once; root/fenced/local output identities use the accepted source.	blocked	Current method parses/render canonical source, but submit_host_source still reaches bootstrap/session Program route; no actual browser positive documentation witness exists.		G22	O04;O05
wasm.repl-load-documentation.negative	wasm.repl-load-documentation	negative	documentation-invalid-request-and-source-are-atomic	raw	map-js-error	WasmDocument.replLoadDocumentation	src/wasm/src/project.rs::WasmDocument::repl_load_documentation	Build exact C browser_project_core WASM plus native canonical bundle producer; use tests/browser/harness ChromeSession to import src/wasm/pkg/mech_wasm.js, await init(), and construct WasmDocument from producer envelope and its source map. Call with wrong request ID; then matching ID plus malformed source; then valid syntax using undefined-call. Inspect JS result/error, accepted source, counter and output before/after each.	Wrong request ID or malformed document returns JS error before submission. Semantic failure returns accepted=false and html=null with compile diagnostic; no repeated/partial execution, accepted source/state/output unchanged.	blocked	Code has distinct request/syntax/semantic rejection paths; actual product effects and state preservation remain untested and G22-blocked.		G22	O04;O05
