schemas	responsibility	source-or-value-construction	expected-result	evidence-status	witness-source	witness-test	witness-command	evidence-head	related-gaps	proof-limit	cell-id
Bool;UnsignedInteger;SignedInteger;FloatingPoint;Complex;Rational64;String;Id;Index;Atom;Enum;Option;Tuple;Record;Matrix;Table;Set;Map;ReifiedType	artifact constant codec identity	Exact ValueDrafts in bytecode_v1_round_trips_every_c2_snapshot_family: all integer widths,f32/f64,c32/c64,r64,bool,string,Id7,Index8,nominal atom,one payload enum,Option<f64>,tuple(bool,string),record,parameterized matrix-of-tuples,table,set<u8>,map<string,option<f64>>,two reified forms.	Decoded constant count, schema keys, value hashes and shape parameters equal original. Dynamic is absent from this test.	existing-test-not-recorded-in-audit-validation	src/engine/tests/program_artifact_contract.rs:2773	bytecode_v1_round_trips_every_c2_snapshot_family	cargo +nightly-2026-03-03 test --locked -p mech-engine --no-default-features --features full_compiler,full_source,resident-artifact --test program_artifact_contract bytecode_v1_round_trips_every_c2_snapshot_family -- --exact	662d29b79df8ab05a25bbadb941a689fd5bd5aae		ProgramArtifact contains no nodes, inputs or outputs; this is not frontend admission or resident publication evidence.	Q01
Dynamic;Option;Matrix	dynamic optional payload construction and live publication	x<*?> := signal<[f64]:r,c> for1x2,2x2,0x2; two inputs separated by10.	Option(Some(Dynamic(Matrix))) retains exact payload matrix schema, dimensions and row-major elements on both turns.	existing-test-recorded-B-suite-pass	src/engine/tests/canonical_source_structures.rs:35	dynamic_options_preserve_live_matrix_payloads_and_canonical_element_order	cargo +nightly-2026-03-03 test --locked -p mech-engine --no-default-features --features full_compiler,full_source,resident-artifact --test canonical_source_structures dynamic_options_preserve_live_matrix_payloads_and_canonical_element_order -- --exact	662d29b79df8ab05a25bbadb941a689fd5bd5aae		This test executes direct artifact, not decoded artifact; Q03 exercises decoded dynamic construction.	Q02
Dynamic;Table;Matrix;Record;Tuple	foreign dynamic payload rebinding through table join	Dynamic payload snapshot from a foreign schema table, inserted into canonical table and joined.	Foreign schema identity/value rebinding survives direct/decoded artifact execution and updated payload; existing Dynamic is wrapped once.	existing-test-recorded-B-suite-pass	src/engine/tests/canonical_source_structures.rs:1149	composite_foreign_dynamic_payload_reaches_canonical_table_and_join	cargo +nightly-2026-03-03 test --locked -p mech-engine --no-default-features --features full_compiler,full_source,resident-artifact --test canonical_source_structures composite_foreign_dynamic_payload_reaches_canonical_table_and_join -- --exact	662d29b79df8ab05a25bbadb941a689fd5bd5aae			Q03
Tuple;Record;Map;Table;Atom;Bool;FloatingPoint	composite constructors preserve child identity and order	x=(signal<f64>,true); record{z:signal,a:true}; map{2:signal,1:9}; :some(signal); table(a<f64>,b<bool>); nested record/map tuple; signals3,7.	Decoded artifact publishes exact ValueDataDrafts; record fields retain source order; map keys canonical order; :some is Atom-tagged Tuple rather than Enum or Option; child updates preserved.	existing-test-recorded-B-suite-pass	src/engine/tests/canonical_source_structures.rs:116	canonical_composite_construction_roundtrips_and_tracks_live_children	cargo +nightly-2026-03-03 test --locked -p mech-engine --no-default-features --features full_compiler,full_source,resident-artifact --test canonical_source_structures canonical_composite_construction_roundtrips_and_tracks_live_children -- --exact	662d29b79df8ab05a25bbadb941a689fd5bd5aae			Q04
Map	duplicate live key rejection is atomic	x := {key<f64>:10,2:20}; key1 then2 then3.	Key2 duplicate causes InvalidInput; prior map remains published; key3 retry succeeds with canonical key order2,3.	existing-test-recorded-B-suite-pass	src/engine/tests/canonical_source_structures.rs:212	canonical_map_duplicate_live_keys_fail_before_publication	cargo +nightly-2026-03-03 test --locked -p mech-engine --no-default-features --features full_compiler,full_source,resident-artifact --test canonical_source_structures canonical_map_duplicate_live_keys_fail_before_publication -- --exact	662d29b79df8ab05a25bbadb941a689fd5bd5aae			Q05
Record;Table;Matrix	annotations preserve nested live matrix schemas	Exact compound record/table annotations with live matrix children from test.	Source annotation and current child shape agree after direct/decoded execution; field/column ownership preserved.	existing-test-recorded-B-suite-pass	src/engine/tests/canonical_source_structures.rs:259	compound_record_and_table_annotations_preserve_live_matrix_children	cargo +nightly-2026-03-03 test --locked -p mech-engine --no-default-features --features full_compiler,full_source,resident-artifact --test canonical_source_structures compound_record_and_table_annotations_preserve_live_matrix_children -- --exact	662d29b79df8ab05a25bbadb941a689fd5bd5aae			Q06
Tuple	zero-field tuple materialization	x := ().	Empty tuple construction has no synthetic template dependency.	existing-test-recorded-B-suite-pass	src/engine/tests/canonical_source_structures.rs:338	empty_tuple_construction_has_no_synthetic_template_dependency	cargo +nightly-2026-03-03 test --locked -p mech-engine --no-default-features --features full_compiler,full_source,resident-artifact --test canonical_source_structures empty_tuple_construction_has_no_synthetic_template_dependency -- --exact	662d29b79df8ab05a25bbadb941a689fd5bd5aae		Distinct from unresolved Empty expression _.	Q07
Option;Tuple;Record;Matrix;Map;Table;Atom	contextual absence and nested optional materialization	Exact annotated absent option, matrices of optionalu8/f64, record missing field, map<u8,record<option>>,table record column,Atom-tagged record tuple; signals3,7.	Direct/decoded artifacts preserve closed output schema and exact None/Some nested data on two turns; empty pseudo-values never materialize.	existing-test-recorded-B-suite-pass	src/engine/tests/canonical_source_structures.rs:816	contextual_composite_empty_values_survive_codec_and_two_resident_turns	cargo +nightly-2026-03-03 test --locked -p mech-engine --no-default-features --features full_compiler,full_source,resident-artifact --test canonical_source_structures contextual_composite_empty_values_survive_codec_and_two_resident_turns -- --exact	662d29b79df8ab05a25bbadb941a689fd5bd5aae			Q08
Matrix;Tuple	fixed-population logical-read shape contract	(signal<[f64]:2,2>, signal[mask<[bool]:1,2>,:]); activation selected-child shape population1; masks[1,0],[0,1],[1,1],[0,0].	No activation fact -> UnresolvedShape. Population1 masks produce correct changed row. Populations2/0 -> InvalidShape with prior publication intact; valid retry succeeds.	existing-test-recorded-B-suite-pass	src/engine/tests/canonical_source_structures.rs:545	composed_live_mask_shapes_require_facts_and_reject_extent_changes_atomically	cargo +nightly-2026-03-03 test --locked -p mech-engine --no-default-features --features full_compiler,full_source,resident-artifact --test canonical_source_structures composed_live_mask_shapes_require_facts_and_reject_extent_changes_atomically -- --exact	662d29b79df8ab05a25bbadb941a689fd5bd5aae	G17	Existing contract fixes selected population at activation. This does not promise changing-cardinality masks; G17 must resolve compiler provision of facts separately.	Q09
Matrix;Tuple;Bool	literal-mask selection order with changed live values	(signal<[f64]:2,2>, signal[[false true],:]); canonical physical-to-row-major inputs1/3/2/4 then10/30/20/40.	Decoded artifact publishes full matrix[1,2,3,4] and selected[3,4], then scaled values in same order.	existing-test-recorded-B-suite-pass	src/engine/tests/canonical_source_completion.rs:213	selection_reads_live_matrix_values_in_canonical_order	cargo +nightly-2026-03-03 test --locked -p mech-engine --no-default-features --features full_compiler,full_source,resident-artifact --test canonical_source_completion selection_reads_live_matrix_values_in_canonical_order -- --exact	662d29b79df8ab05a25bbadb941a689fd5bd5aae			Q10
Set;FloatingPoint	set union cardinality and changed input publication	{signal<f64>} ∪ {2}; signal1,2,3; constant union counterpart.	Both source/decoded outputs canonical sorted sets[1,2],[2],[2,3]; cardinality updates without duplicate elements.	existing-test-recorded-B-suite-pass	src/engine/tests/canonical_source_collections.rs:207	set_union_roundtrip_executes_canonical_values_and_changed_inputs	cargo +nightly-2026-03-03 test --locked -p mech-engine --no-default-features --features full_compiler,full_source,resident-artifact --test canonical_source_collections set_union_roundtrip_executes_canonical_values_and_changed_inputs -- --exact	662d29b79df8ab05a25bbadb941a689fd5bd5aae			Q11
Table;UnsignedInteger;FloatingPoint	table join is executed and tracks matched payload rows	u8 join key left rows1,2 and right rows1,3; right f64 payloadsignal3 then9.	Decoded artifact publishes only matched row key1,left7,right3 then9; rejects passthrough/cross-product/cached-result interpretations.	existing-test-recorded-B-suite-pass	src/engine/tests/canonical_source_completion.rs:124	table_join_has_real_resident_output_after_artifact_roundtrip	cargo +nightly-2026-03-03 test --locked -p mech-engine --no-default-features --features full_compiler,full_source,resident-artifact --test canonical_source_completion table_join_has_real_resident_output_after_artifact_roundtrip -- --exact	662d29b79df8ab05a25bbadb941a689fd5bd5aae			Q12
Table;Tuple;UnsignedInteger	variable-cardinality table child propagates current row extent	Tuple of u8 table join andtrue; key1 then2 then1.	Direct/decoded publication yields table row counts1,0,1; closed tuple child schema matches current table rows.	existing-test-recorded-B-suite-pass	src/engine/tests/canonical_source_structures.rs:1087	composite_current_join_row_shapes_reach_nested_tuple_outputs	cargo +nightly-2026-03-03 test --locked -p mech-engine --no-default-features --features full_compiler,full_source,resident-artifact --test canonical_source_structures composite_current_join_row_shapes_reach_nested_tuple_outputs -- --exact	662d29b79df8ab05a25bbadb941a689fd5bd5aae		This demonstrates table cardinality propagation; it does not prove comprehension-to-concat layout G18.	Q13
String;Tuple	whole string selection preserves changed Unicode and empty input	(signal<string>,signal[:]); inputs empty, a👩🏽‍💻é, changed.	Both direct/decoded tuple fields are ValueData::String with exact input text each turn.	existing-test-recorded-B-suite-pass	src/engine/tests/canonical_source_review.rs:1163	whole_string_select_all_preserves_changed_unicode_and_empty_values	cargo +nightly-2026-03-03 test --locked -p mech-engine --no-default-features --features full_compiler,full_source,resident-artifact --test canonical_source_review whole_string_select_all_preserves_changed_unicode_and_empty_values -- --exact	662d29b79df8ab05a25bbadb941a689fd5bd5aae			Q14
String;Tuple	composite memory rejection preserves accepted value	(signal<string>,true); before string; over-budget large string; after string.	Direct/decoded over-budget turn rejects; prior schema key,shape and value remain; valid retry publishes after.	existing-test-recorded-B-suite-pass	src/engine/tests/canonical_source_structures.rs:1336	composite_memory_admission_failure_preserves_publication_and_recovers	cargo +nightly-2026-03-03 test --locked -p mech-engine --no-default-features --features full_compiler,full_source,resident-artifact --test canonical_source_structures composite_memory_admission_failure_preserves_publication_and_recovers -- --exact	662d29b79df8ab05a25bbadb941a689fd5bd5aae			Q15
Complex	exact c32 literal storage and c64 live arithmetic publication	1+2i<c32>; signal<c64>+1<c64>; signal<c64>*2<c64>; signals(3,2),(5,2).	Direct/decoded preflight and execution preserve ValueData::Complex32(1,2) literal; c64 outputs exact real/imaginary arithmetic for both turns.	existing-test-recorded-B-suite-pass	src/engine/tests/canonical_source_review.rs:1463	resident_supports_c32_literal_storage_and_c64_arithmetic_execution	cargo +nightly-2026-03-03 test --locked -p mech-engine --no-default-features --features full_compiler,full_source,resident-artifact --test canonical_source_review resident_supports_c32_literal_storage_and_c64_arithmetic_execution -- --exact	662d29b79df8ab05a25bbadb941a689fd5bd5aae	G02	c32 arithmetic is not exercised by c32 literal storage; no numeric power/matmul claim.	Q16
SignedInteger;Rational64	large exact literals survive codec and execution	Hex literals0xf64,0xf32,0xc32,-0xf64; large signed/unsigned rational numerator and denominator reduce to-1/1 and1/1.	Decoded artifact returns exact I64/Rational64 ValueDataDraft twice, avoiding f64 coercion.	existing-test-recorded-B-suite-pass	src/engine/tests/canonical_source_structures.rs:764	hexadecimal_and_large_rational_values_survive_artifact_roundtrip_and_execution	cargo +nightly-2026-03-03 test --locked -p mech-engine --no-default-features --features full_compiler,full_source,resident-artifact --test canonical_source_structures hexadecimal_and_large_rational_values_survive_artifact_roundtrip_and_execution -- --exact	662d29b79df8ab05a25bbadb941a689fd5bd5aae			Q17
SignedInteger	signed minimum magnitude admission preserves width	-128<i8>,-32768<i16>,-2147483648<i32>,-9223372036854775808<i64>,i128::MIN; parenthesized andhex i8 alternatives.	Decoded constant ValueDataDraft exactly each signed-width MIN; unary sign is admitted before positive magnitude overflow.	existing-test-recorded-B-suite-pass	src/engine/tests/canonical_source_review.rs:1972	review_signed_minima_decode_before_positive_magnitude_admission	cargo +nightly-2026-03-03 test --locked -p mech-engine --no-default-features --features full_compiler,full_source,resident-artifact --test canonical_source_review review_signed_minima_decode_before_positive_magnitude_admission -- --exact	662d29b79df8ab05a25bbadb941a689fd5bd5aae		Constant codec only; not live input/state publication.	Q18
Id	Id source annotation denotes canonical Id schema	signal<id>; x<id> := signal<id>.	Semantic output SchemaBody::Id and artifact construction succeed.	existing-test-recorded-B-suite-pass	src/engine/tests/canonical_source_review.rs:904	latest_review_id_annotations_use_the_canonical_id_schema	cargo +nightly-2026-03-03 test --locked -p mech-engine --no-default-features --features full_compiler,full_source,resident-artifact --test canonical_source_review latest_review_id_annotations_use_the_canonical_id_schema -- --exact	662d29b79df8ab05a25bbadb941a689fd5bd5aae		No resident input/publication or constant-binding evidence; Q30 covers those concrete missing cells.	Q19
Index	Index annotations survive source range construction	lo<ix>..hi<ix> from semantic_annotations_follow_value_roles_and_lexical_scope.	All source inputs have SchemaBody::Index; range output is Matrix<Index>; artifact constructs.	existing-test-recorded-B-suite-pass	src/engine/tests/canonical_source_semantics.rs:1307	semantic_annotations_follow_value_roles_and_lexical_scope	cargo +nightly-2026-03-03 test --locked -p mech-engine --no-default-features --features full_compiler,full_source,resident-artifact --test canonical_source_semantics semantic_annotations_follow_value_roles_and_lexical_scope -- --exact	662d29b79df8ab05a25bbadb941a689fd5bd5aae		No live endpoint execution in this subcase; Q31 specifies input/publication and zero-index rejection.	Q20
Atom;Option	nominal atom annotation acceptance/rejection	Accept :ready<:ready>, :ready<:ready?>,:ready<*?>; reject :ready<:other>,:ready<:other?>,:ready<u8>.	Accepted Atom/Option artifacts stable through codec; mismatched nominal/numeric annotations give incompatible-literal-kind.	existing-test-recorded-B-suite-pass	src/engine/tests/canonical_source_review.rs:1628	review_atom_annotations_keep_exact_nominal_identity	cargo +nightly-2026-03-03 test --locked -p mech-engine --no-default-features --features full_compiler,full_source,resident-artifact --test canonical_source_review review_atom_annotations_keep_exact_nominal_identity -- --exact	662d29b79df8ab05a25bbadb941a689fd5bd5aae		Nominal data is represented by schema key, not a textual runtime payload.	Q21
Map;Complex	map keyability applies equally to empty and populated values	Empty/populated c32/c64 keys; empty u8/bool/string keys withc64 values.	Complex keys consistently reject non-keyable-map-key-kind atsource; c64 values remain legal with keyable key type.	existing-test-recorded-B-suite-pass	src/engine/tests/canonical_source_review.rs:1941	review_empty_maps_enforce_the_same_keyability_as_populated_maps	cargo +nightly-2026-03-03 test --locked -p mech-engine --no-default-features --features full_compiler,full_source,resident-artifact --test canonical_source_review review_empty_maps_enforce_the_same_keyability_as_populated_maps -- --exact	662d29b79df8ab05a25bbadb941a689fd5bd5aae			Q22
Set;Complex	typed empty sets use same keyability rule as populated sets	Empty sets annotatedu8,bool,string; annotatedc32/c64; untyped (1,{}).	Typed keyable sets execute decoded artifact for2turns; complex element sets reject positioned non-keyable-set-element-kind; untyped empty rejects unresolved-set-element-kind.	existing-test-recorded-B-suite-pass	src/engine/tests/canonical_source_review.rs:2045	review_annotated_empty_sets_execute_and_share_keyability_admission	cargo +nightly-2026-03-03 test --locked -p mech-engine --no-default-features --features full_compiler,full_source,resident-artifact --test canonical_source_review review_annotated_empty_sets_execute_and_share_keyability_admission -- --exact	662d29b79df8ab05a25bbadb941a689fd5bd5aae			Q23
Map	typed empty map materializes without unresolved entry kind	x<{u8:bool}> := {:}; untyped (1,{:}).	Decoded artifact executes empty map twice; untyped empty gives positioned unresolved-map-entry-kind.	existing-test-recorded-B-suite-pass	src/engine/tests/canonical_source_review.rs:1903	review_annotated_empty_map_roundtrips_and_executes	cargo +nightly-2026-03-03 test --locked -p mech-engine --no-default-features --features full_compiler,full_source,resident-artifact --test canonical_source_review review_annotated_empty_map_roundtrips_and_executes -- --exact	662d29b79df8ab05a25bbadb941a689fd5bd5aae			Q24
Tuple;Matrix;FloatingPoint	composite generator destructuring into primitive bindings already executes	[x+y | (x,y)<-signal<[(f64,f64)]:1,2>]; repeated variable tuple andarray patterns.	Live snapshot tuple/array children bind f64 variables; matching sums update3,7 ->10,7; unequal repeated components filter out.	existing-test-recorded-B-suite-pass	src/engine/tests/canonical_source_completion.rs:348	structured_patterns_read_live_components_and_reject_partial_matches	cargo +nightly-2026-03-03 test --locked -p mech-engine --no-default-features --features full_compiler,full_source,resident-artifact --test canonical_source_completion structured_patterns_read_live_components_and_reject_partial_matches -- --exact	662d29b79df8ab05a25bbadb941a689fd5bd5aae	G06	Composite input destructuring exists. G06 is composite retained binding/yield storage, not proof that all tuple pattern input is absent.	Q25
Tuple;FloatingPoint;Bool	scalar match can publish compound output	signal<f64> ? |0=>(1,true)|*=>(2,false); signal0,4,0.	Decoded artifact publishes exact tuple values(1,true),(2,false),(1,true).	existing-test-recorded-B-suite-pass	src/engine/tests/canonical_source_completion.rs:247	match_publishes_the_selected_compound_result_across_turns	cargo +nightly-2026-03-03 test --locked -p mech-engine --no-default-features --features full_compiler,full_source,resident-artifact --test canonical_source_completion match_publishes_the_selected_compound_result_across_turns -- --exact	662d29b79df8ab05a25bbadb941a689fd5bd5aae	G09	Compound arm result support does not establish structural scrutinee pattern support.	Q26
Enum	source enum declarations and nominal variant construction	<color> := Red | Green; x := :Red; x.	Frozen document lowering rejects EnumDefine; acceptance requires canonical nominal enum declaration/variant identity and payload schema.	observed-source-family-gap			MECH_AUDIT_CASE=enum-declaration MECH_AUDIT_REQUIRE_PASS=1 ./docs/design/grammar-audit/s8-replacement-audit/run-probes.sh semantic_replacement_witnesses	662d29b79df8ab05a25bbadb941a689fd5bd5aae	G11	Q01 codec enum constant is constructed below frontend and cannot close this gap.	Q27
ReifiedType	sized and scalar reified source kinds versus dimensionless constructor	<u8>; <[f64]>; use reified-kind and reified-inferred-matrix semantic fixtures.	Scalar kind executes with source/bytecode agreement only; dimensionless matrix reification currently rejects. Contract decisionG13 owns whether an unsized value-independent type is admitted.	observed-equivalence-and-contract-gap			MECH_AUDIT_CASE=reified-kind ./docs/design/grammar-audit/s8-replacement-audit/run-probes.sh semantic_replacement_witnesses	662d29b79df8ab05a25bbadb941a689fd5bd5aae	G13	No independent expected reified ValueData/KindExpr assertion in semantic fixtures; Q33 defines that exact obligation.	Q28
Dynamic	dynamic-to-concrete conversion remains a positioned rejection	set/equals(signal<*>,{1}) and set/disjoint(signal<*>,{1}); corresponding inferred concrete Set inputs execute positive cases.	Explicit Dynamic operand rejects unsupported-dynamic-conversion; inferred concrete set operands match their positive equals/disjoint results over1,2,1.	existing-test-recorded-B-suite-pass	src/engine/tests/canonical_source_review.rs:2162	review_all_set_relations_infer_either_peer_and_execute	cargo +nightly-2026-03-03 test --locked -p mech-engine --no-default-features --features full_compiler,full_source,resident-artifact --test canonical_source_review review_all_set_relations_infer_either_peer_and_execute -- --exact	662d29b79df8ab05a25bbadb941a689fd5bd5aae		Negative assertion is direct in this test; boxing preserves concrete payload rather than enabling unchecked downcast.	Q29
Id	typed Id input, generic constant binding and publication	Compile x := signal<id>; construct ValueDataDraft::Id7 then9 from input schema; bind input0 toId7 separately.	Direct/decoded identity program publishes Id7 then9 preserving SchemaBody::Id; binding produces zero inputs and output Id7; mismatched String snapshot rejects. No Id variant is added to RuntimeHostInputValue.	untested-specific-boundary-cell				662d29b79df8ab05a25bbadb941a689fd5bd5aae			Q30
Index	typed Index input, generic binding and range endpoints	Compile x := signal<ix>; canonical snapshots Index1 and2; bindinput0 toIndex1; bind lo<ix>..hi<ix> endpoints1,3 as constants before activation; host Index0 negative.	Direct/decoded identity output is Index1 then2; constant-bound range endpoints yield typed Index matrix; live endpoints retain existing activation-fixed range rejection; Index0 rejects canonical/host validation.	untested-specific-boundary-cell				662d29b79df8ab05a25bbadb941a689fd5bd5aae		Host pointer-width input and portable shape/index width must remain distinct.	Q31
Enum	generic enum snapshot artifact publication independent of source declaration	Take Q01 Enum{key=test/enum,variantpayload:f64}, construct output constant ordinal0,payload9 then alternate input snapshot payload10; invalidordinal1 and wrongpayloadbool negatives.	SourceProgram/artifact input or constant path preserves exact nominal enum key,ordinal,payload through bytecode and copiedoutput; invalid ordinal/schema rejects beforepublication.	untested-specific-boundary-cell				662d29b79df8ab05a25bbadb941a689fd5bd5aae	G11	This generic artifact witness cannot substitute for source enum declaration closureQ27.	Q32
ReifiedType	reified output exact identity	Compile known-admitted <u8>; separately Q01 direct ValueDataDraft::Type::Schema(recordkey) and Type::Kind(Tuple[Id,Index]); publish them via generic artifact constant outputs.	Assert exact ReifiedType ValueData/KindExpr for source<u8>; generic schema form retains referenced record SchemaKey aftercodec/publication; generic tuple kind preserves Id/Index components.	untested-specific-boundary-cell				662d29b79df8ab05a25bbadb941a689fd5bd5aae	G13	The dimensionless reified matrix policy is G13 and does not block exact scalar type-kind witness.	Q33
UnsignedInteger	exact scalar typed-input/constant/publication identity	Compile x := signal<u8>; construct canonical input snapshots U8(1),U8(2); activate direct+decoded; separately bind input0 tofirst snapshot.	Copied output keeps exact u8 schema width and ValueData tag/value on2turns; constantbound copy has0inputs and same exactvalue.	observed-defect-bound-artifact-bytecode	src/runtime/tests/s8_replacement_schema_audit.rs:315	exact_scalar_u8	cargo +nightly-2026-03-03 test --locked -p mech-runtime --no-default-features --features full_compiler,full_source,resident-routing-source,compute --test s8_replacement_schema_audit exact_scalar_u8 -- --exact	662d29b79df8ab05a25bbadb941a689fd5bd5aae	G25	s8-audit-schema-final.log: live source/decoded and bound-source publication all pass on two turns; bound-bytecode decoding rejects NonCanonicalSchemaId expected0 found1. One shared append-only schema ordering/remap defect across23 cells. Decoded bound execution is blocked by G25, not credited. Independent canonical Value boundary only.	QT-u8
UnsignedInteger	exact scalar typed-input/constant/publication identity	Compile x := signal<u16>; construct canonical input snapshots U16(1),U16(2); activate direct+decoded; separately bind input0 tofirst snapshot.	Copied output keeps exact u16 schema width and ValueData tag/value on2turns; constantbound copy has0inputs and same exactvalue.	observed-defect-bound-artifact-bytecode	src/runtime/tests/s8_replacement_schema_audit.rs:324	exact_scalar_u16	cargo +nightly-2026-03-03 test --locked -p mech-runtime --no-default-features --features full_compiler,full_source,resident-routing-source,compute --test s8_replacement_schema_audit exact_scalar_u16 -- --exact	662d29b79df8ab05a25bbadb941a689fd5bd5aae	G25	s8-audit-schema-final.log: live source/decoded and bound-source publication all pass on two turns; bound-bytecode decoding rejects NonCanonicalSchemaId expected0 found1. One shared append-only schema ordering/remap defect across23 cells. Decoded bound execution is blocked by G25, not credited. Independent canonical Value boundary only.	QT-u16
UnsignedInteger	exact scalar typed-input/constant/publication identity	Compile x := signal<u32>; construct canonical input snapshots U32(1),U32(2); activate direct+decoded; separately bind input0 tofirst snapshot.	Copied output keeps exact u32 schema width and ValueData tag/value on2turns; constantbound copy has0inputs and same exactvalue.	observed-defect-bound-artifact-bytecode	src/runtime/tests/s8_replacement_schema_audit.rs:333	exact_scalar_u32	cargo +nightly-2026-03-03 test --locked -p mech-runtime --no-default-features --features full_compiler,full_source,resident-routing-source,compute --test s8_replacement_schema_audit exact_scalar_u32 -- --exact	662d29b79df8ab05a25bbadb941a689fd5bd5aae	G25	s8-audit-schema-final.log: live source/decoded and bound-source publication all pass on two turns; bound-bytecode decoding rejects NonCanonicalSchemaId expected0 found1. One shared append-only schema ordering/remap defect across23 cells. Decoded bound execution is blocked by G25, not credited. Independent canonical Value boundary only.	QT-u32
UnsignedInteger	exact scalar typed-input/constant/publication identity	Compile x := signal<u64>; construct canonical input snapshots U64(1),U64(2); activate direct+decoded; separately bind input0 tofirst snapshot.	Copied output keeps exact u64 schema width and ValueData tag/value on2turns; constantbound copy has0inputs and same exactvalue.	observed-defect-bound-artifact-bytecode	src/runtime/tests/s8_replacement_schema_audit.rs:342	exact_scalar_u64	cargo +nightly-2026-03-03 test --locked -p mech-runtime --no-default-features --features full_compiler,full_source,resident-routing-source,compute --test s8_replacement_schema_audit exact_scalar_u64 -- --exact	662d29b79df8ab05a25bbadb941a689fd5bd5aae	G25	s8-audit-schema-final.log: live source/decoded and bound-source publication all pass on two turns; bound-bytecode decoding rejects NonCanonicalSchemaId expected0 found1. One shared append-only schema ordering/remap defect across23 cells. Decoded bound execution is blocked by G25, not credited. Independent canonical Value boundary only.	QT-u64
UnsignedInteger	exact scalar typed-input/constant/publication identity	Compile x := signal<u128>; construct canonical input snapshots U128(1),U128(2); activate direct+decoded; separately bind input0 tofirst snapshot.	Copied output keeps exact u128 schema width and ValueData tag/value on2turns; constantbound copy has0inputs and same exactvalue.	observed-defect-bound-artifact-bytecode	src/runtime/tests/s8_replacement_schema_audit.rs:351	exact_scalar_u128	cargo +nightly-2026-03-03 test --locked -p mech-runtime --no-default-features --features full_compiler,full_source,resident-routing-source,compute --test s8_replacement_schema_audit exact_scalar_u128 -- --exact	662d29b79df8ab05a25bbadb941a689fd5bd5aae	G25	s8-audit-schema-final.log: live source/decoded and bound-source publication all pass on two turns; bound-bytecode decoding rejects NonCanonicalSchemaId expected0 found1. One shared append-only schema ordering/remap defect across23 cells. Decoded bound execution is blocked by G25, not credited. Independent canonical Value boundary only.	QT-u128
SignedInteger	exact scalar typed-input/constant/publication identity	Compile x := signal<i8>; construct canonical input snapshots I8(1),I8(2); activate direct+decoded; separately bind input0 tofirst snapshot.	Copied output keeps exact i8 schema width and ValueData tag/value on2turns; constantbound copy has0inputs and same exactvalue.	observed-defect-bound-artifact-bytecode	src/runtime/tests/s8_replacement_schema_audit.rs:360	exact_scalar_i8	cargo +nightly-2026-03-03 test --locked -p mech-runtime --no-default-features --features full_compiler,full_source,resident-routing-source,compute --test s8_replacement_schema_audit exact_scalar_i8 -- --exact	662d29b79df8ab05a25bbadb941a689fd5bd5aae	G25	s8-audit-schema-final.log: live source/decoded and bound-source publication all pass on two turns; bound-bytecode decoding rejects NonCanonicalSchemaId expected0 found1. One shared append-only schema ordering/remap defect across23 cells. Decoded bound execution is blocked by G25, not credited. Independent canonical Value boundary only.	QT-i8
SignedInteger	exact scalar typed-input/constant/publication identity	Compile x := signal<i16>; construct canonical input snapshots I16(1),I16(2); activate direct+decoded; separately bind input0 tofirst snapshot.	Copied output keeps exact i16 schema width and ValueData tag/value on2turns; constantbound copy has0inputs and same exactvalue.	observed-defect-bound-artifact-bytecode	src/runtime/tests/s8_replacement_schema_audit.rs:369	exact_scalar_i16	cargo +nightly-2026-03-03 test --locked -p mech-runtime --no-default-features --features full_compiler,full_source,resident-routing-source,compute --test s8_replacement_schema_audit exact_scalar_i16 -- --exact	662d29b79df8ab05a25bbadb941a689fd5bd5aae	G25	s8-audit-schema-final.log: live source/decoded and bound-source publication all pass on two turns; bound-bytecode decoding rejects NonCanonicalSchemaId expected0 found1. One shared append-only schema ordering/remap defect across23 cells. Decoded bound execution is blocked by G25, not credited. Independent canonical Value boundary only.	QT-i16
SignedInteger	exact scalar typed-input/constant/publication identity	Compile x := signal<i32>; construct canonical input snapshots I32(1),I32(2); activate direct+decoded; separately bind input0 tofirst snapshot.	Copied output keeps exact i32 schema width and ValueData tag/value on2turns; constantbound copy has0inputs and same exactvalue.	observed-defect-bound-artifact-bytecode	src/runtime/tests/s8_replacement_schema_audit.rs:378	exact_scalar_i32	cargo +nightly-2026-03-03 test --locked -p mech-runtime --no-default-features --features full_compiler,full_source,resident-routing-source,compute --test s8_replacement_schema_audit exact_scalar_i32 -- --exact	662d29b79df8ab05a25bbadb941a689fd5bd5aae	G25	s8-audit-schema-final.log: live source/decoded and bound-source publication all pass on two turns; bound-bytecode decoding rejects NonCanonicalSchemaId expected0 found1. One shared append-only schema ordering/remap defect across23 cells. Decoded bound execution is blocked by G25, not credited. Independent canonical Value boundary only.	QT-i32
SignedInteger	exact scalar typed-input/constant/publication identity	Compile x := signal<i64>; construct canonical input snapshots I64(1),I64(2); activate direct+decoded; separately bind input0 tofirst snapshot.	Copied output keeps exact i64 schema width and ValueData tag/value on2turns; constantbound copy has0inputs and same exactvalue.	observed-defect-bound-artifact-bytecode	src/runtime/tests/s8_replacement_schema_audit.rs:387	exact_scalar_i64	cargo +nightly-2026-03-03 test --locked -p mech-runtime --no-default-features --features full_compiler,full_source,resident-routing-source,compute --test s8_replacement_schema_audit exact_scalar_i64 -- --exact	662d29b79df8ab05a25bbadb941a689fd5bd5aae	G25	s8-audit-schema-final.log: live source/decoded and bound-source publication all pass on two turns; bound-bytecode decoding rejects NonCanonicalSchemaId expected0 found1. One shared append-only schema ordering/remap defect across23 cells. Decoded bound execution is blocked by G25, not credited. Independent canonical Value boundary only.	QT-i64
SignedInteger	exact scalar typed-input/constant/publication identity	Compile x := signal<i128>; construct canonical input snapshots I128(1),I128(2); activate direct+decoded; separately bind input0 tofirst snapshot.	Copied output keeps exact i128 schema width and ValueData tag/value on2turns; constantbound copy has0inputs and same exactvalue.	observed-defect-bound-artifact-bytecode	src/runtime/tests/s8_replacement_schema_audit.rs:396	exact_scalar_i128	cargo +nightly-2026-03-03 test --locked -p mech-runtime --no-default-features --features full_compiler,full_source,resident-routing-source,compute --test s8_replacement_schema_audit exact_scalar_i128 -- --exact	662d29b79df8ab05a25bbadb941a689fd5bd5aae	G25	s8-audit-schema-final.log: live source/decoded and bound-source publication all pass on two turns; bound-bytecode decoding rejects NonCanonicalSchemaId expected0 found1. One shared append-only schema ordering/remap defect across23 cells. Decoded bound execution is blocked by G25, not credited. Independent canonical Value boundary only.	QT-i128
FloatingPoint	exact scalar typed-input/constant/publication identity	Compile x := signal<f32>; construct canonical input snapshots F32Bits1.25,2.5; activate direct+decoded; separately bind input0 tofirst snapshot.	Copied output keeps exact f32 schema width and ValueData tag/value on2turns; constantbound copy has0inputs and same exactvalue.	observed-defect-bound-artifact-bytecode	src/runtime/tests/s8_replacement_schema_audit.rs:405	exact_scalar_f32	cargo +nightly-2026-03-03 test --locked -p mech-runtime --no-default-features --features full_compiler,full_source,resident-routing-source,compute --test s8_replacement_schema_audit exact_scalar_f32 -- --exact	662d29b79df8ab05a25bbadb941a689fd5bd5aae	G25	s8-audit-schema-final.log: live source/decoded and bound-source publication all pass on two turns; bound-bytecode decoding rejects NonCanonicalSchemaId expected0 found1. One shared append-only schema ordering/remap defect across23 cells. Decoded bound execution is blocked by G25, not credited. Independent canonical Value boundary only.	QT-f32
FloatingPoint	exact scalar typed-input/constant/publication identity	Compile x := signal<f64>; construct canonical input snapshots F64Bits1.25,2.5; activate direct+decoded; separately bind input0 tofirst snapshot.	Copied output keeps exact f64 schema width and ValueData tag/value on2turns; constantbound copy has0inputs and same exactvalue.	observed-defect-bound-artifact-bytecode	src/runtime/tests/s8_replacement_schema_audit.rs:417	exact_scalar_f64	cargo +nightly-2026-03-03 test --locked -p mech-runtime --no-default-features --features full_compiler,full_source,resident-routing-source,compute --test s8_replacement_schema_audit exact_scalar_f64 -- --exact	662d29b79df8ab05a25bbadb941a689fd5bd5aae	G25	s8-audit-schema-final.log: live source/decoded and bound-source publication all pass on two turns; bound-bytecode decoding rejects NonCanonicalSchemaId expected0 found1. One shared append-only schema ordering/remap defect across23 cells. Decoded bound execution is blocked by G25, not credited. Independent canonical Value boundary only.	QT-f64
Complex	exact scalar typed-input/constant/publication identity	Compile x := signal<c32>; construct canonical input snapshots Complex32(1,2),(3,4); activate direct+decoded; separately bind input0 tofirst snapshot.	Copied output keeps exact c32 schema width and ValueData tag/value on2turns; constantbound copy has0inputs and same exactvalue.	observed-defect-bound-artifact-bytecode	src/runtime/tests/s8_replacement_schema_audit.rs:429	exact_scalar_c32	cargo +nightly-2026-03-03 test --locked -p mech-runtime --no-default-features --features full_compiler,full_source,resident-routing-source,compute --test s8_replacement_schema_audit exact_scalar_c32 -- --exact	662d29b79df8ab05a25bbadb941a689fd5bd5aae	G25	s8-audit-schema-final.log: live source/decoded and bound-source publication all pass on two turns; bound-bytecode decoding rejects NonCanonicalSchemaId expected0 found1. One shared append-only schema ordering/remap defect across23 cells. Decoded bound execution is blocked by G25, not credited. Independent canonical Value boundary only.	QT-c32
Complex	exact scalar typed-input/constant/publication identity	Compile x := signal<c64>; construct canonical input snapshots Complex64(1,2),(3,4); activate direct+decoded; separately bind input0 tofirst snapshot.	Copied output keeps exact c64 schema width and ValueData tag/value on2turns; constantbound copy has0inputs and same exactvalue.	observed-defect-bound-artifact-bytecode	src/runtime/tests/s8_replacement_schema_audit.rs:447	exact_scalar_c64	cargo +nightly-2026-03-03 test --locked -p mech-runtime --no-default-features --features full_compiler,full_source,resident-routing-source,compute --test s8_replacement_schema_audit exact_scalar_c64 -- --exact	662d29b79df8ab05a25bbadb941a689fd5bd5aae	G25	s8-audit-schema-final.log: live source/decoded and bound-source publication all pass on two turns; bound-bytecode decoding rejects NonCanonicalSchemaId expected0 found1. One shared append-only schema ordering/remap defect across23 cells. Decoded bound execution is blocked by G25, not credited. Independent canonical Value boundary only.	QT-c64
Rational64	exact scalar typed-input/constant/publication identity	Compile x := signal<r64>; construct canonical input snapshots Rational64(1/2),(2/3); activate direct+decoded; separately bind input0 tofirst snapshot.	Copied output keeps exact r64 schema width and ValueData tag/value on2turns; constantbound copy has0inputs and same exactvalue.	observed-defect-bound-artifact-bytecode	src/runtime/tests/s8_replacement_schema_audit.rs:465	exact_scalar_r64	cargo +nightly-2026-03-03 test --locked -p mech-runtime --no-default-features --features full_compiler,full_source,resident-routing-source,compute --test s8_replacement_schema_audit exact_scalar_r64 -- --exact	662d29b79df8ab05a25bbadb941a689fd5bd5aae	G25	s8-audit-schema-final.log: live source/decoded and bound-source publication all pass on two turns; bound-bytecode decoding rejects NonCanonicalSchemaId expected0 found1. One shared append-only schema ordering/remap defect across23 cells. Decoded bound execution is blocked by G25, not credited. Independent canonical Value boundary only.	QT-r64
Bool	exact scalar typed-input/constant/publication identity	Compile x := signal<bool>; construct canonical input snapshots Bool(false),Bool(true); activate direct+decoded; separately bind input0 tofirst snapshot.	Copied output keeps exact bool schema width and ValueData tag/value on2turns; constantbound copy has0inputs and same exactvalue.	new-test-recorded-frozen-B-pass	src/runtime/tests/s8_replacement_schema_audit.rs:483	exact_scalar_bool	cargo +nightly-2026-03-03 test --locked -p mech-runtime --no-default-features --features full_compiler,full_source,resident-routing-source,compute --test s8_replacement_schema_audit exact_scalar_bool -- --exact	662d29b79df8ab05a25bbadb941a689fd5bd5aae		s8-audit-schema-final.log: live source/decoded and bound source/decoded publication pass, each on two turns with independently constructed exact schema/value. Generic canonical Value boundary only; this does not widen RuntimeHostInputValue return forms.	QT-bool
String	exact scalar typed-input/constant/publication identity	"Compile x := signal<string>; construct canonical input snapshots String(""""),String(""Δ""); activate direct+decoded; separately bind input0 tofirst snapshot."	Copied output keeps exact string schema width and ValueData tag/value on2turns; constantbound copy has0inputs and same exactvalue.	new-test-recorded-frozen-B-pass	src/runtime/tests/s8_replacement_schema_audit.rs:492	exact_scalar_string	cargo +nightly-2026-03-03 test --locked -p mech-runtime --no-default-features --features full_compiler,full_source,resident-routing-source,compute --test s8_replacement_schema_audit exact_scalar_string -- --exact	662d29b79df8ab05a25bbadb941a689fd5bd5aae		s8-audit-schema-final.log: live source/decoded and bound source/decoded publication pass, each on two turns with independently constructed exact schema/value. Generic canonical Value boundary only; this does not widen RuntimeHostInputValue return forms.	QT-string
Dynamic	generic canonical snapshot input binding and exact publication	"compile_document_with_catalog_and_input_schemas on answer:=signal with signal schema Dynamic; canonical Value drafts Dynamic(boxed Tuple[Bool(true),F64(1)] from foreign SchemaTable), then Dynamic(boxed String(""Δ"")); bind input0 to first value in separate copy."	Direct/decoded artifact publishes both exact schema/data values; bound copy has0inputs and exact first value; rebind across separately built equivalent SchemaTables preserves semantic key.	observed-defect-exact-bound-value-identity	src/runtime/tests/s8_replacement_schema_audit.rs:502	exact_generic_dynamic	cargo +nightly-2026-03-03 test --locked -p mech-runtime --no-default-features --features full_compiler,full_source,resident-routing-source,compute --test s8_replacement_schema_audit exact_generic_dynamic -- --exact	662d29b79df8ab05a25bbadb941a689fd5bd5aae	G26	s8-audit-schema-final.log: both live routes pass; bound-source turn0 exact value hash differs because bind_input_constants wraps an already-Dynamic payload again (frontend.rs:359). Bound-bytecode route is not reached in this reordered run; the earlier qualified-boundaries run decoded this same bound artifact before the identity assertion. Dynamic(None) is a documented reconstruction placeholder, not an invalid draft.	QG-Dynamic
Atom	generic canonical snapshot input binding and exact publication	compile_document_with_catalog_and_input_schemas on answer:=signal with signal schema Atom(key=:ready); canonical Value drafts ValueDataDraft::Atom twice; wrong key=:other negative; bind input0 to first value in separate copy.	Direct/decoded artifact publishes both exact schema/data values; bound copy has0inputs and exact first value; rebind across separately built equivalent SchemaTables preserves semantic key.	observed-defect-bound-artifact-bytecode	src/runtime/tests/s8_replacement_schema_audit.rs:537	exact_generic_atom	cargo +nightly-2026-03-03 test --locked -p mech-runtime --no-default-features --features full_compiler,full_source,resident-routing-source,compute --test s8_replacement_schema_audit exact_generic_atom -- --exact	662d29b79df8ab05a25bbadb941a689fd5bd5aae	G25	s8-audit-schema-final.log: live source/decoded and bound-source publication all pass on two turns; bound-bytecode decoding rejects NonCanonicalSchemaId expected0 found1. One shared append-only schema ordering/remap defect across23 cells. Decoded bound execution is blocked by G25, not credited. Independent canonical Value boundary only.	QG-Atom
Option	generic canonical snapshot input binding and exact publication	compile_document_with_catalog_and_input_schemas on answer:=signal with signal schema Option(U8); canonical Value drafts Option(Some(U8(1))), then Option(None); bind input0 to first value in separate copy.	Direct/decoded artifact publishes both exact schema/data values; bound copy has0inputs and exact first value; rebind across separately built equivalent SchemaTables preserves semantic key.	observed-defect-bound-artifact-bytecode	src/runtime/tests/s8_replacement_schema_audit.rs:549	exact_generic_option	cargo +nightly-2026-03-03 test --locked -p mech-runtime --no-default-features --features full_compiler,full_source,resident-routing-source,compute --test s8_replacement_schema_audit exact_generic_option -- --exact	662d29b79df8ab05a25bbadb941a689fd5bd5aae	G25	s8-audit-schema-final.log: live source/decoded and bound-source publication all pass on two turns; bound-bytecode decoding rejects NonCanonicalSchemaId expected0 found1. One shared append-only schema ordering/remap defect across23 cells. Decoded bound execution is blocked by G25, not credited. Independent canonical Value boundary only.	QG-Option
Tuple	generic canonical snapshot input binding and exact publication	compile_document_with_catalog_and_input_schemas on answer:=signal with signal schema Tuple(U8,Bool); canonical Value drafts Tuple(U8(1),Bool(true)), then Tuple(U8(2),Bool(false)); bind input0 to first value in separate copy.	Direct/decoded artifact publishes both exact schema/data values; bound copy has0inputs and exact first value; rebind across separately built equivalent SchemaTables preserves semantic key.	observed-defect-bound-artifact-bytecode	src/runtime/tests/s8_replacement_schema_audit.rs:559	exact_generic_tuple	cargo +nightly-2026-03-03 test --locked -p mech-runtime --no-default-features --features full_compiler,full_source,resident-routing-source,compute --test s8_replacement_schema_audit exact_generic_tuple -- --exact	662d29b79df8ab05a25bbadb941a689fd5bd5aae	G25	s8-audit-schema-final.log: live source/decoded and bound-source publication all pass on two turns; bound-bytecode decoding rejects NonCanonicalSchemaId expected0 found1. One shared append-only schema ordering/remap defect across23 cells. Decoded bound execution is blocked by G25, not credited. Independent canonical Value boundary only.	QG-Tuple
Record	generic canonical snapshot input binding and exact publication	compile_document_with_catalog_and_input_schemas on answer:=signal with signal schema Record[x:U8,ready:Bool]; canonical Value drafts Record[x:U8(1),ready:true], then[x:U8(2),ready:false] in declared field order; bind input0 to first value in separate copy.	Direct/decoded artifact publishes both exact schema/data values; bound copy has0inputs and exact first value; rebind across separately built equivalent SchemaTables preserves semantic key.	observed-defect-bound-artifact-bytecode	src/runtime/tests/s8_replacement_schema_audit.rs:592	exact_generic_record	cargo +nightly-2026-03-03 test --locked -p mech-runtime --no-default-features --features full_compiler,full_source,resident-routing-source,compute --test s8_replacement_schema_audit exact_generic_record -- --exact	662d29b79df8ab05a25bbadb941a689fd5bd5aae	G25	s8-audit-schema-final.log: live source/decoded and bound-source publication all pass on two turns; bound-bytecode decoding rejects NonCanonicalSchemaId expected0 found1. One shared append-only schema ordering/remap defect across23 cells. Decoded bound execution is blocked by G25, not credited. Independent canonical Value boundary only.	QG-Record
Matrix	generic canonical snapshot input binding and exact publication	compile_document_with_catalog_and_input_schemas on answer:=signal with signal schema Matrix<U8>[2,3]; canonical Value drafts row-major U8 elements1..6, then7..12; bind input0 to first value in separate copy.	Direct/decoded artifact publishes both exact schema/data values; bound copy has0inputs and exact first value; rebind across separately built equivalent SchemaTables preserves semantic key.	observed-defect-bound-artifact-bytecode	src/runtime/tests/s8_replacement_schema_audit.rs:645	exact_generic_matrix	cargo +nightly-2026-03-03 test --locked -p mech-runtime --no-default-features --features full_compiler,full_source,resident-routing-source,compute --test s8_replacement_schema_audit exact_generic_matrix -- --exact	662d29b79df8ab05a25bbadb941a689fd5bd5aae	G25	s8-audit-schema-final.log: live source/decoded and bound-source publication all pass on two turns; bound-bytecode decoding rejects NonCanonicalSchemaId expected0 found1. One shared append-only schema ordering/remap defect across23 cells. Decoded bound execution is blocked by G25, not credited. Independent canonical Value boundary only.	QG-Matrix
Table	generic canonical snapshot input binding and exact publication	compile_document_with_catalog_and_input_schemas on answer:=signal with signal schema Table[x:U8,ready:Bool] rows2; canonical Value drafts columns x=[1,2],ready=[true,false], then x=[3,4],ready=[false,true]; bind input0 to first value in separate copy.	Direct/decoded artifact publishes both exact schema/data values; bound copy has0inputs and exact first value; rebind across separately built equivalent SchemaTables preserves semantic key.	observed-defect-bound-artifact-bytecode	src/runtime/tests/s8_replacement_schema_audit.rs:650	exact_generic_table	cargo +nightly-2026-03-03 test --locked -p mech-runtime --no-default-features --features full_compiler,full_source,resident-routing-source,compute --test s8_replacement_schema_audit exact_generic_table -- --exact	662d29b79df8ab05a25bbadb941a689fd5bd5aae	G25	s8-audit-schema-final.log: live source/decoded and bound-source publication all pass on two turns; bound-bytecode decoding rejects NonCanonicalSchemaId expected0 found1. One shared append-only schema ordering/remap defect across23 cells. Decoded bound execution is blocked by G25, not credited. Independent canonical Value boundary only.	QG-Table
Set	generic canonical snapshot input binding and exact publication	compile_document_with_catalog_and_input_schemas on answer:=signal with signal schema Set<U8> exact2; canonical Value drafts canonical elements[1,2],then[2,3]; duplicate draft negative; reverse-order draft canonicalizes to sorted order; bind input0 to first value in separate copy.	Direct/decoded artifact publishes both exact schema/data values; bound copy has0inputs and exact first value; rebind across separately built equivalent SchemaTables preserves semantic key. Set draft canonicalization sorts reversed distinct keys and rejects duplicate keys (snapshot/relations.rs insert_set_key).	observed-defect-bound-artifact-bytecode	src/runtime/tests/s8_replacement_schema_audit.rs:678	exact_generic_set	cargo +nightly-2026-03-03 test --locked -p mech-runtime --no-default-features --features full_compiler,full_source,resident-routing-source,compute --test s8_replacement_schema_audit exact_generic_set -- --exact	662d29b79df8ab05a25bbadb941a689fd5bd5aae	G25	s8-audit-schema-final.log: live source/decoded and bound-source publication all pass on two turns; bound-bytecode decoding rejects NonCanonicalSchemaId expected0 found1. One shared append-only schema ordering/remap defect across23 cells. Decoded bound execution is blocked by G25, not credited. Independent canonical Value boundary only.	QG-Set
Map	generic canonical snapshot input binding and exact publication	"compile_document_with_catalog_and_input_schemas on answer:=signal with signal schema Map<String,Option<U8>> exact1; canonical Value drafts entry(""x"",Some(U8(1))), then entry(""x"",None); bind input0 to first value in separate copy."	Direct/decoded artifact publishes both exact schema/data values; bound copy has0inputs and exact first value; rebind across separately built equivalent SchemaTables preserves semantic key.	observed-defect-bound-artifact-bytecode	src/runtime/tests/s8_replacement_schema_audit.rs:752	exact_generic_map	cargo +nightly-2026-03-03 test --locked -p mech-runtime --no-default-features --features full_compiler,full_source,resident-routing-source,compute --test s8_replacement_schema_audit exact_generic_map -- --exact	662d29b79df8ab05a25bbadb941a689fd5bd5aae	G25	s8-audit-schema-final.log: live source/decoded and bound-source publication all pass on two turns; bound-bytecode decoding rejects NonCanonicalSchemaId expected0 found1. One shared append-only schema ordering/remap defect across23 cells. Decoded bound execution is blocked by G25, not credited. Independent canonical Value boundary only.	QG-Map
UnsignedInteger	reject wrong scalar schema in Snapshot-backed lane at documented semantic boundaries	signal<u8> with independently finalized String instead of U8(1)	Value::rebind rejects incompatible schema; prepare_turn_values rejects and preserves prior output plus epoch; CanonicalSourceProgram.bind_input_constants rejects.	new-test-recorded-frozen-B-pass	src/runtime/tests/s8_replacement_schema_audit.rs:822	reject_incompatible_snapshot_scalar_schema	cargo +nightly-2026-03-03 test --locked -p mech-runtime --no-default-features --features full_compiler,full_source,resident-routing-source,compute --test s8_replacement_schema_audit reject_incompatible_snapshot_scalar_schema -- --exact	662d29b79df8ab05a25bbadb941a689fd5bd5aae		s8-audit-schema-final.log: exact test passes all three rejection boundaries and publication/epoch preservation. Representative responsibility witness, not every composite combination. Raw CapturedSignalInput is not the schema-validation boundary; product coordinator uses CapturedValueInput.	QN-scalar-schema
Bool	reject wrong scalar schema in native Bool lane at documented semantic boundaries	signal<bool> with independently finalized String instead of Bool(false)	Value::rebind rejects incompatible schema; prepare_turn_values rejects and preserves prior output plus epoch; CanonicalSourceProgram.bind_input_constants rejects.	new-test-recorded-frozen-B-pass	src/runtime/tests/s8_replacement_schema_audit.rs:832	reject_incompatible_native_scalar_schema	cargo +nightly-2026-03-03 test --locked -p mech-runtime --no-default-features --features full_compiler,full_source,resident-routing-source,compute --test s8_replacement_schema_audit reject_incompatible_native_scalar_schema -- --exact	662d29b79df8ab05a25bbadb941a689fd5bd5aae		s8-audit-schema-final.log: exact test passes all three rejection boundaries and publication/epoch preservation. Representative responsibility witness, not every composite combination. Raw CapturedSignalInput is not the schema-validation boundary; product coordinator uses CapturedValueInput.	QN-native-scalar-schema
Atom	reject nominal atom identity at documented semantic boundaries	signal schema nominal Atom ready with independently finalized Atom other	Value::rebind rejects incompatible schema; prepare_turn_values rejects and preserves prior output plus epoch; CanonicalSourceProgram.bind_input_constants rejects.	new-test-recorded-frozen-B-pass	src/runtime/tests/s8_replacement_schema_audit.rs:842	reject_incompatible_atom_nominal_identity	cargo +nightly-2026-03-03 test --locked -p mech-runtime --no-default-features --features full_compiler,full_source,resident-routing-source,compute --test s8_replacement_schema_audit reject_incompatible_atom_nominal_identity -- --exact	662d29b79df8ab05a25bbadb941a689fd5bd5aae		s8-audit-schema-final.log: exact test passes all three rejection boundaries and publication/epoch preservation. Representative responsibility witness, not every composite combination. Raw CapturedSignalInput is not the schema-validation boundary; product coordinator uses CapturedValueInput.	QN-atom-identity
Matrix	reject closed matrix extent at documented semantic boundaries	signal schema Matrix<U8>[2,3] with same six elements finalized as Matrix<U8>[3,2]	Value::rebind rejects incompatible schema; prepare_turn_values rejects and preserves prior output plus epoch; CanonicalSourceProgram.bind_input_constants rejects.	new-test-recorded-frozen-B-pass	src/runtime/tests/s8_replacement_schema_audit.rs:847	reject_incompatible_matrix_extent	cargo +nightly-2026-03-03 test --locked -p mech-runtime --no-default-features --features full_compiler,full_source,resident-routing-source,compute --test s8_replacement_schema_audit reject_incompatible_matrix_extent -- --exact	662d29b79df8ab05a25bbadb941a689fd5bd5aae		s8-audit-schema-final.log: exact test passes all three rejection boundaries and publication/epoch preservation. Representative responsibility witness, not every composite combination. Raw CapturedSignalInput is not the schema-validation boundary; product coordinator uses CapturedValueInput.	QN-matrix-extent
Map	reject map key schema at documented semantic boundaries	signal schema Map<String,Option<U8>> with finalized Map<U8,Option<U8>>, cardinality1	Value::rebind rejects incompatible schema; prepare_turn_values rejects and preserves prior output plus epoch; CanonicalSourceProgram.bind_input_constants rejects.	new-test-recorded-frozen-B-pass	src/runtime/tests/s8_replacement_schema_audit.rs:852	reject_incompatible_map_key_schema	cargo +nightly-2026-03-03 test --locked -p mech-runtime --no-default-features --features full_compiler,full_source,resident-routing-source,compute --test s8_replacement_schema_audit reject_incompatible_map_key_schema -- --exact	662d29b79df8ab05a25bbadb941a689fd5bd5aae		s8-audit-schema-final.log: exact test passes all three rejection boundaries and publication/epoch preservation. Representative responsibility witness, not every composite combination. Raw CapturedSignalInput is not the schema-validation boundary; product coordinator uses CapturedValueInput.	QN-map-key
