case-id	family	observed-stage	oracle	gap-id	open-obligation	witness	expected-json
scalar-u8	scalar	pass	explicit-two-turn-predicate-or-value			MECH_AUDIT_CASE=scalar-u8 MECH_AUDIT_REQUIRE_PASS=1 ./docs/design/grammar-audit/s8-replacement-audit/run-probes.sh semantic_replacement_witnesses	"[""true"", ""false""]"
numeric-u8-add	numeric	pass	explicit-two-turn-predicate-or-value			MECH_AUDIT_CASE=numeric-u8-add MECH_AUDIT_REQUIRE_PASS=1 ./docs/design/grammar-audit/s8-replacement-audit/run-probes.sh semantic_replacement_witnesses	"[""true"", ""true""]"
numeric-u8-sub	numeric	pass	explicit-two-turn-predicate-or-value			MECH_AUDIT_CASE=numeric-u8-sub MECH_AUDIT_REQUIRE_PASS=1 ./docs/design/grammar-audit/s8-replacement-audit/run-probes.sh semantic_replacement_witnesses	"[""true"", ""true""]"
numeric-u8-mul	numeric	pass	explicit-two-turn-predicate-or-value			MECH_AUDIT_CASE=numeric-u8-mul MECH_AUDIT_REQUIRE_PASS=1 ./docs/design/grammar-audit/s8-replacement-audit/run-probes.sh semantic_replacement_witnesses	"[""true"", ""true""]"
numeric-u8-div	numeric	pass	explicit-two-turn-predicate-or-value			MECH_AUDIT_CASE=numeric-u8-div MECH_AUDIT_REQUIRE_PASS=1 ./docs/design/grammar-audit/s8-replacement-audit/run-probes.sh semantic_replacement_witnesses	"[""true"", ""true""]"
numeric-u8-pow	numeric	pass	explicit-two-turn-predicate-or-value			MECH_AUDIT_CASE=numeric-u8-pow MECH_AUDIT_REQUIRE_PASS=1 ./docs/design/grammar-audit/s8-replacement-audit/run-probes.sh semantic_replacement_witnesses	"[""true"", ""true""]"
matrix-repeat-u8	selection	pass	explicit-two-turn-predicate-or-value			MECH_AUDIT_CASE=matrix-repeat-u8 MECH_AUDIT_REQUIRE_PASS=1 ./docs/design/grammar-audit/s8-replacement-audit/run-probes.sh semantic_replacement_witnesses	"[""true"", ""false""]"
scalar-u16	scalar	pass	explicit-two-turn-predicate-or-value			MECH_AUDIT_CASE=scalar-u16 MECH_AUDIT_REQUIRE_PASS=1 ./docs/design/grammar-audit/s8-replacement-audit/run-probes.sh semantic_replacement_witnesses	"[""true"", ""false""]"
numeric-u16-add	numeric	pass	explicit-two-turn-predicate-or-value			MECH_AUDIT_CASE=numeric-u16-add MECH_AUDIT_REQUIRE_PASS=1 ./docs/design/grammar-audit/s8-replacement-audit/run-probes.sh semantic_replacement_witnesses	"[""true"", ""true""]"
numeric-u16-sub	numeric	pass	explicit-two-turn-predicate-or-value			MECH_AUDIT_CASE=numeric-u16-sub MECH_AUDIT_REQUIRE_PASS=1 ./docs/design/grammar-audit/s8-replacement-audit/run-probes.sh semantic_replacement_witnesses	"[""true"", ""true""]"
numeric-u16-mul	numeric	pass	explicit-two-turn-predicate-or-value			MECH_AUDIT_CASE=numeric-u16-mul MECH_AUDIT_REQUIRE_PASS=1 ./docs/design/grammar-audit/s8-replacement-audit/run-probes.sh semantic_replacement_witnesses	"[""true"", ""true""]"
numeric-u16-div	numeric	pass	explicit-two-turn-predicate-or-value			MECH_AUDIT_CASE=numeric-u16-div MECH_AUDIT_REQUIRE_PASS=1 ./docs/design/grammar-audit/s8-replacement-audit/run-probes.sh semantic_replacement_witnesses	"[""true"", ""true""]"
numeric-u16-pow	numeric	pass	explicit-two-turn-predicate-or-value			MECH_AUDIT_CASE=numeric-u16-pow MECH_AUDIT_REQUIRE_PASS=1 ./docs/design/grammar-audit/s8-replacement-audit/run-probes.sh semantic_replacement_witnesses	"[""true"", ""true""]"
matrix-repeat-u16	selection	pass	explicit-two-turn-predicate-or-value			MECH_AUDIT_CASE=matrix-repeat-u16 MECH_AUDIT_REQUIRE_PASS=1 ./docs/design/grammar-audit/s8-replacement-audit/run-probes.sh semantic_replacement_witnesses	"[""true"", ""false""]"
scalar-u32	scalar	pass	explicit-two-turn-predicate-or-value			MECH_AUDIT_CASE=scalar-u32 MECH_AUDIT_REQUIRE_PASS=1 ./docs/design/grammar-audit/s8-replacement-audit/run-probes.sh semantic_replacement_witnesses	"[""true"", ""false""]"
numeric-u32-add	numeric	pass	explicit-two-turn-predicate-or-value			MECH_AUDIT_CASE=numeric-u32-add MECH_AUDIT_REQUIRE_PASS=1 ./docs/design/grammar-audit/s8-replacement-audit/run-probes.sh semantic_replacement_witnesses	"[""true"", ""true""]"
numeric-u32-sub	numeric	pass	explicit-two-turn-predicate-or-value			MECH_AUDIT_CASE=numeric-u32-sub MECH_AUDIT_REQUIRE_PASS=1 ./docs/design/grammar-audit/s8-replacement-audit/run-probes.sh semantic_replacement_witnesses	"[""true"", ""true""]"
numeric-u32-mul	numeric	pass	explicit-two-turn-predicate-or-value			MECH_AUDIT_CASE=numeric-u32-mul MECH_AUDIT_REQUIRE_PASS=1 ./docs/design/grammar-audit/s8-replacement-audit/run-probes.sh semantic_replacement_witnesses	"[""true"", ""true""]"
numeric-u32-div	numeric	pass	explicit-two-turn-predicate-or-value			MECH_AUDIT_CASE=numeric-u32-div MECH_AUDIT_REQUIRE_PASS=1 ./docs/design/grammar-audit/s8-replacement-audit/run-probes.sh semantic_replacement_witnesses	"[""true"", ""true""]"
numeric-u32-pow	numeric	pass	explicit-two-turn-predicate-or-value			MECH_AUDIT_CASE=numeric-u32-pow MECH_AUDIT_REQUIRE_PASS=1 ./docs/design/grammar-audit/s8-replacement-audit/run-probes.sh semantic_replacement_witnesses	"[""true"", ""true""]"
matrix-repeat-u32	selection	pass	explicit-two-turn-predicate-or-value			MECH_AUDIT_CASE=matrix-repeat-u32 MECH_AUDIT_REQUIRE_PASS=1 ./docs/design/grammar-audit/s8-replacement-audit/run-probes.sh semantic_replacement_witnesses	"[""true"", ""false""]"
scalar-u64	scalar	pass	explicit-two-turn-predicate-or-value			MECH_AUDIT_CASE=scalar-u64 MECH_AUDIT_REQUIRE_PASS=1 ./docs/design/grammar-audit/s8-replacement-audit/run-probes.sh semantic_replacement_witnesses	"[""true"", ""false""]"
numeric-u64-add	numeric	pass	explicit-two-turn-predicate-or-value			MECH_AUDIT_CASE=numeric-u64-add MECH_AUDIT_REQUIRE_PASS=1 ./docs/design/grammar-audit/s8-replacement-audit/run-probes.sh semantic_replacement_witnesses	"[""true"", ""true""]"
numeric-u64-sub	numeric	pass	explicit-two-turn-predicate-or-value			MECH_AUDIT_CASE=numeric-u64-sub MECH_AUDIT_REQUIRE_PASS=1 ./docs/design/grammar-audit/s8-replacement-audit/run-probes.sh semantic_replacement_witnesses	"[""true"", ""true""]"
numeric-u64-mul	numeric	pass	explicit-two-turn-predicate-or-value			MECH_AUDIT_CASE=numeric-u64-mul MECH_AUDIT_REQUIRE_PASS=1 ./docs/design/grammar-audit/s8-replacement-audit/run-probes.sh semantic_replacement_witnesses	"[""true"", ""true""]"
numeric-u64-div	numeric	pass	explicit-two-turn-predicate-or-value			MECH_AUDIT_CASE=numeric-u64-div MECH_AUDIT_REQUIRE_PASS=1 ./docs/design/grammar-audit/s8-replacement-audit/run-probes.sh semantic_replacement_witnesses	"[""true"", ""true""]"
numeric-u64-pow	numeric	activation	explicit-two-turn-predicate-or-value	G02		MECH_AUDIT_CASE=numeric-u64-pow MECH_AUDIT_REQUIRE_PASS=1 ./docs/design/grammar-audit/s8-replacement-audit/run-probes.sh semantic_replacement_witnesses	"[""true"", ""true""]"
matrix-repeat-u64	selection	pass	explicit-two-turn-predicate-or-value			MECH_AUDIT_CASE=matrix-repeat-u64 MECH_AUDIT_REQUIRE_PASS=1 ./docs/design/grammar-audit/s8-replacement-audit/run-probes.sh semantic_replacement_witnesses	"[""true"", ""false""]"
scalar-u128	scalar	pass	explicit-two-turn-predicate-or-value			MECH_AUDIT_CASE=scalar-u128 MECH_AUDIT_REQUIRE_PASS=1 ./docs/design/grammar-audit/s8-replacement-audit/run-probes.sh semantic_replacement_witnesses	"[""true"", ""false""]"
numeric-u128-add	numeric	pass	explicit-two-turn-predicate-or-value			MECH_AUDIT_CASE=numeric-u128-add MECH_AUDIT_REQUIRE_PASS=1 ./docs/design/grammar-audit/s8-replacement-audit/run-probes.sh semantic_replacement_witnesses	"[""true"", ""true""]"
numeric-u128-sub	numeric	pass	explicit-two-turn-predicate-or-value			MECH_AUDIT_CASE=numeric-u128-sub MECH_AUDIT_REQUIRE_PASS=1 ./docs/design/grammar-audit/s8-replacement-audit/run-probes.sh semantic_replacement_witnesses	"[""true"", ""true""]"
numeric-u128-mul	numeric	pass	explicit-two-turn-predicate-or-value			MECH_AUDIT_CASE=numeric-u128-mul MECH_AUDIT_REQUIRE_PASS=1 ./docs/design/grammar-audit/s8-replacement-audit/run-probes.sh semantic_replacement_witnesses	"[""true"", ""true""]"
numeric-u128-div	numeric	pass	explicit-two-turn-predicate-or-value			MECH_AUDIT_CASE=numeric-u128-div MECH_AUDIT_REQUIRE_PASS=1 ./docs/design/grammar-audit/s8-replacement-audit/run-probes.sh semantic_replacement_witnesses	"[""true"", ""true""]"
numeric-u128-pow	numeric	activation	explicit-two-turn-predicate-or-value	G02		MECH_AUDIT_CASE=numeric-u128-pow MECH_AUDIT_REQUIRE_PASS=1 ./docs/design/grammar-audit/s8-replacement-audit/run-probes.sh semantic_replacement_witnesses	"[""true"", ""true""]"
matrix-repeat-u128	selection	pass	explicit-two-turn-predicate-or-value			MECH_AUDIT_CASE=matrix-repeat-u128 MECH_AUDIT_REQUIRE_PASS=1 ./docs/design/grammar-audit/s8-replacement-audit/run-probes.sh semantic_replacement_witnesses	"[""true"", ""false""]"
scalar-i8	scalar	pass	explicit-two-turn-predicate-or-value			MECH_AUDIT_CASE=scalar-i8 MECH_AUDIT_REQUIRE_PASS=1 ./docs/design/grammar-audit/s8-replacement-audit/run-probes.sh semantic_replacement_witnesses	"[""true"", ""false""]"
numeric-i8-add	numeric	pass	explicit-two-turn-predicate-or-value			MECH_AUDIT_CASE=numeric-i8-add MECH_AUDIT_REQUIRE_PASS=1 ./docs/design/grammar-audit/s8-replacement-audit/run-probes.sh semantic_replacement_witnesses	"[""true"", ""true""]"
numeric-i8-sub	numeric	pass	explicit-two-turn-predicate-or-value			MECH_AUDIT_CASE=numeric-i8-sub MECH_AUDIT_REQUIRE_PASS=1 ./docs/design/grammar-audit/s8-replacement-audit/run-probes.sh semantic_replacement_witnesses	"[""true"", ""true""]"
numeric-i8-mul	numeric	pass	explicit-two-turn-predicate-or-value			MECH_AUDIT_CASE=numeric-i8-mul MECH_AUDIT_REQUIRE_PASS=1 ./docs/design/grammar-audit/s8-replacement-audit/run-probes.sh semantic_replacement_witnesses	"[""true"", ""true""]"
numeric-i8-div	numeric	pass	explicit-two-turn-predicate-or-value			MECH_AUDIT_CASE=numeric-i8-div MECH_AUDIT_REQUIRE_PASS=1 ./docs/design/grammar-audit/s8-replacement-audit/run-probes.sh semantic_replacement_witnesses	"[""true"", ""true""]"
numeric-i8-pow	numeric	activation	explicit-two-turn-predicate-or-value	G02		MECH_AUDIT_CASE=numeric-i8-pow MECH_AUDIT_REQUIRE_PASS=1 ./docs/design/grammar-audit/s8-replacement-audit/run-probes.sh semantic_replacement_witnesses	"[""true"", ""true""]"
matrix-repeat-i8	selection	pass	explicit-two-turn-predicate-or-value			MECH_AUDIT_CASE=matrix-repeat-i8 MECH_AUDIT_REQUIRE_PASS=1 ./docs/design/grammar-audit/s8-replacement-audit/run-probes.sh semantic_replacement_witnesses	"[""true"", ""false""]"
scalar-i16	scalar	pass	explicit-two-turn-predicate-or-value			MECH_AUDIT_CASE=scalar-i16 MECH_AUDIT_REQUIRE_PASS=1 ./docs/design/grammar-audit/s8-replacement-audit/run-probes.sh semantic_replacement_witnesses	"[""true"", ""false""]"
numeric-i16-add	numeric	pass	explicit-two-turn-predicate-or-value			MECH_AUDIT_CASE=numeric-i16-add MECH_AUDIT_REQUIRE_PASS=1 ./docs/design/grammar-audit/s8-replacement-audit/run-probes.sh semantic_replacement_witnesses	"[""true"", ""true""]"
numeric-i16-sub	numeric	pass	explicit-two-turn-predicate-or-value			MECH_AUDIT_CASE=numeric-i16-sub MECH_AUDIT_REQUIRE_PASS=1 ./docs/design/grammar-audit/s8-replacement-audit/run-probes.sh semantic_replacement_witnesses	"[""true"", ""true""]"
numeric-i16-mul	numeric	pass	explicit-two-turn-predicate-or-value			MECH_AUDIT_CASE=numeric-i16-mul MECH_AUDIT_REQUIRE_PASS=1 ./docs/design/grammar-audit/s8-replacement-audit/run-probes.sh semantic_replacement_witnesses	"[""true"", ""true""]"
numeric-i16-div	numeric	pass	explicit-two-turn-predicate-or-value			MECH_AUDIT_CASE=numeric-i16-div MECH_AUDIT_REQUIRE_PASS=1 ./docs/design/grammar-audit/s8-replacement-audit/run-probes.sh semantic_replacement_witnesses	"[""true"", ""true""]"
numeric-i16-pow	numeric	activation	explicit-two-turn-predicate-or-value	G02		MECH_AUDIT_CASE=numeric-i16-pow MECH_AUDIT_REQUIRE_PASS=1 ./docs/design/grammar-audit/s8-replacement-audit/run-probes.sh semantic_replacement_witnesses	"[""true"", ""true""]"
matrix-repeat-i16	selection	pass	explicit-two-turn-predicate-or-value			MECH_AUDIT_CASE=matrix-repeat-i16 MECH_AUDIT_REQUIRE_PASS=1 ./docs/design/grammar-audit/s8-replacement-audit/run-probes.sh semantic_replacement_witnesses	"[""true"", ""false""]"
scalar-i32	scalar	pass	explicit-two-turn-predicate-or-value			MECH_AUDIT_CASE=scalar-i32 MECH_AUDIT_REQUIRE_PASS=1 ./docs/design/grammar-audit/s8-replacement-audit/run-probes.sh semantic_replacement_witnesses	"[""true"", ""false""]"
numeric-i32-add	numeric	pass	explicit-two-turn-predicate-or-value			MECH_AUDIT_CASE=numeric-i32-add MECH_AUDIT_REQUIRE_PASS=1 ./docs/design/grammar-audit/s8-replacement-audit/run-probes.sh semantic_replacement_witnesses	"[""true"", ""true""]"
numeric-i32-sub	numeric	pass	explicit-two-turn-predicate-or-value			MECH_AUDIT_CASE=numeric-i32-sub MECH_AUDIT_REQUIRE_PASS=1 ./docs/design/grammar-audit/s8-replacement-audit/run-probes.sh semantic_replacement_witnesses	"[""true"", ""true""]"
numeric-i32-mul	numeric	pass	explicit-two-turn-predicate-or-value			MECH_AUDIT_CASE=numeric-i32-mul MECH_AUDIT_REQUIRE_PASS=1 ./docs/design/grammar-audit/s8-replacement-audit/run-probes.sh semantic_replacement_witnesses	"[""true"", ""true""]"
numeric-i32-div	numeric	pass	explicit-two-turn-predicate-or-value			MECH_AUDIT_CASE=numeric-i32-div MECH_AUDIT_REQUIRE_PASS=1 ./docs/design/grammar-audit/s8-replacement-audit/run-probes.sh semantic_replacement_witnesses	"[""true"", ""true""]"
numeric-i32-pow	numeric	activation	explicit-two-turn-predicate-or-value	G02		MECH_AUDIT_CASE=numeric-i32-pow MECH_AUDIT_REQUIRE_PASS=1 ./docs/design/grammar-audit/s8-replacement-audit/run-probes.sh semantic_replacement_witnesses	"[""true"", ""true""]"
matrix-repeat-i32	selection	pass	explicit-two-turn-predicate-or-value			MECH_AUDIT_CASE=matrix-repeat-i32 MECH_AUDIT_REQUIRE_PASS=1 ./docs/design/grammar-audit/s8-replacement-audit/run-probes.sh semantic_replacement_witnesses	"[""true"", ""false""]"
scalar-i64	scalar	pass	explicit-two-turn-predicate-or-value			MECH_AUDIT_CASE=scalar-i64 MECH_AUDIT_REQUIRE_PASS=1 ./docs/design/grammar-audit/s8-replacement-audit/run-probes.sh semantic_replacement_witnesses	"[""true"", ""false""]"
numeric-i64-add	numeric	pass	explicit-two-turn-predicate-or-value			MECH_AUDIT_CASE=numeric-i64-add MECH_AUDIT_REQUIRE_PASS=1 ./docs/design/grammar-audit/s8-replacement-audit/run-probes.sh semantic_replacement_witnesses	"[""true"", ""true""]"
numeric-i64-sub	numeric	pass	explicit-two-turn-predicate-or-value			MECH_AUDIT_CASE=numeric-i64-sub MECH_AUDIT_REQUIRE_PASS=1 ./docs/design/grammar-audit/s8-replacement-audit/run-probes.sh semantic_replacement_witnesses	"[""true"", ""true""]"
numeric-i64-mul	numeric	pass	explicit-two-turn-predicate-or-value			MECH_AUDIT_CASE=numeric-i64-mul MECH_AUDIT_REQUIRE_PASS=1 ./docs/design/grammar-audit/s8-replacement-audit/run-probes.sh semantic_replacement_witnesses	"[""true"", ""true""]"
numeric-i64-div	numeric	pass	explicit-two-turn-predicate-or-value			MECH_AUDIT_CASE=numeric-i64-div MECH_AUDIT_REQUIRE_PASS=1 ./docs/design/grammar-audit/s8-replacement-audit/run-probes.sh semantic_replacement_witnesses	"[""true"", ""true""]"
numeric-i64-pow	numeric	activation	explicit-two-turn-predicate-or-value	G02		MECH_AUDIT_CASE=numeric-i64-pow MECH_AUDIT_REQUIRE_PASS=1 ./docs/design/grammar-audit/s8-replacement-audit/run-probes.sh semantic_replacement_witnesses	"[""true"", ""true""]"
matrix-repeat-i64	selection	pass	explicit-two-turn-predicate-or-value			MECH_AUDIT_CASE=matrix-repeat-i64 MECH_AUDIT_REQUIRE_PASS=1 ./docs/design/grammar-audit/s8-replacement-audit/run-probes.sh semantic_replacement_witnesses	"[""true"", ""false""]"
scalar-i128	scalar	pass	explicit-two-turn-predicate-or-value			MECH_AUDIT_CASE=scalar-i128 MECH_AUDIT_REQUIRE_PASS=1 ./docs/design/grammar-audit/s8-replacement-audit/run-probes.sh semantic_replacement_witnesses	"[""true"", ""false""]"
numeric-i128-add	numeric	pass	explicit-two-turn-predicate-or-value			MECH_AUDIT_CASE=numeric-i128-add MECH_AUDIT_REQUIRE_PASS=1 ./docs/design/grammar-audit/s8-replacement-audit/run-probes.sh semantic_replacement_witnesses	"[""true"", ""true""]"
numeric-i128-sub	numeric	pass	explicit-two-turn-predicate-or-value			MECH_AUDIT_CASE=numeric-i128-sub MECH_AUDIT_REQUIRE_PASS=1 ./docs/design/grammar-audit/s8-replacement-audit/run-probes.sh semantic_replacement_witnesses	"[""true"", ""true""]"
numeric-i128-mul	numeric	pass	explicit-two-turn-predicate-or-value			MECH_AUDIT_CASE=numeric-i128-mul MECH_AUDIT_REQUIRE_PASS=1 ./docs/design/grammar-audit/s8-replacement-audit/run-probes.sh semantic_replacement_witnesses	"[""true"", ""true""]"
numeric-i128-div	numeric	pass	explicit-two-turn-predicate-or-value			MECH_AUDIT_CASE=numeric-i128-div MECH_AUDIT_REQUIRE_PASS=1 ./docs/design/grammar-audit/s8-replacement-audit/run-probes.sh semantic_replacement_witnesses	"[""true"", ""true""]"
numeric-i128-pow	numeric	activation	explicit-two-turn-predicate-or-value	G02		MECH_AUDIT_CASE=numeric-i128-pow MECH_AUDIT_REQUIRE_PASS=1 ./docs/design/grammar-audit/s8-replacement-audit/run-probes.sh semantic_replacement_witnesses	"[""true"", ""true""]"
matrix-repeat-i128	selection	pass	explicit-two-turn-predicate-or-value			MECH_AUDIT_CASE=matrix-repeat-i128 MECH_AUDIT_REQUIRE_PASS=1 ./docs/design/grammar-audit/s8-replacement-audit/run-probes.sh semantic_replacement_witnesses	"[""true"", ""false""]"
scalar-f32	scalar	pass	explicit-two-turn-predicate-or-value			MECH_AUDIT_CASE=scalar-f32 MECH_AUDIT_REQUIRE_PASS=1 ./docs/design/grammar-audit/s8-replacement-audit/run-probes.sh semantic_replacement_witnesses	"[""true"", ""false""]"
numeric-f32-add	numeric	pass	explicit-two-turn-predicate-or-value			MECH_AUDIT_CASE=numeric-f32-add MECH_AUDIT_REQUIRE_PASS=1 ./docs/design/grammar-audit/s8-replacement-audit/run-probes.sh semantic_replacement_witnesses	"[""true"", ""true""]"
numeric-f32-sub	numeric	pass	explicit-two-turn-predicate-or-value			MECH_AUDIT_CASE=numeric-f32-sub MECH_AUDIT_REQUIRE_PASS=1 ./docs/design/grammar-audit/s8-replacement-audit/run-probes.sh semantic_replacement_witnesses	"[""true"", ""true""]"
numeric-f32-mul	numeric	pass	explicit-two-turn-predicate-or-value			MECH_AUDIT_CASE=numeric-f32-mul MECH_AUDIT_REQUIRE_PASS=1 ./docs/design/grammar-audit/s8-replacement-audit/run-probes.sh semantic_replacement_witnesses	"[""true"", ""true""]"
numeric-f32-div	numeric	pass	explicit-two-turn-predicate-or-value			MECH_AUDIT_CASE=numeric-f32-div MECH_AUDIT_REQUIRE_PASS=1 ./docs/design/grammar-audit/s8-replacement-audit/run-probes.sh semantic_replacement_witnesses	"[""true"", ""true""]"
numeric-f32-pow	numeric	pass	explicit-two-turn-predicate-or-value			MECH_AUDIT_CASE=numeric-f32-pow MECH_AUDIT_REQUIRE_PASS=1 ./docs/design/grammar-audit/s8-replacement-audit/run-probes.sh semantic_replacement_witnesses	"[""true"", ""true""]"
matrix-repeat-f32	selection	pass	explicit-two-turn-predicate-or-value			MECH_AUDIT_CASE=matrix-repeat-f32 MECH_AUDIT_REQUIRE_PASS=1 ./docs/design/grammar-audit/s8-replacement-audit/run-probes.sh semantic_replacement_witnesses	"[""true"", ""false""]"
scalar-f64	scalar	pass	explicit-two-turn-predicate-or-value			MECH_AUDIT_CASE=scalar-f64 MECH_AUDIT_REQUIRE_PASS=1 ./docs/design/grammar-audit/s8-replacement-audit/run-probes.sh semantic_replacement_witnesses	"[""true"", ""false""]"
numeric-f64-add	numeric	pass	explicit-two-turn-predicate-or-value			MECH_AUDIT_CASE=numeric-f64-add MECH_AUDIT_REQUIRE_PASS=1 ./docs/design/grammar-audit/s8-replacement-audit/run-probes.sh semantic_replacement_witnesses	"[""true"", ""true""]"
numeric-f64-sub	numeric	pass	explicit-two-turn-predicate-or-value			MECH_AUDIT_CASE=numeric-f64-sub MECH_AUDIT_REQUIRE_PASS=1 ./docs/design/grammar-audit/s8-replacement-audit/run-probes.sh semantic_replacement_witnesses	"[""true"", ""true""]"
numeric-f64-mul	numeric	pass	explicit-two-turn-predicate-or-value			MECH_AUDIT_CASE=numeric-f64-mul MECH_AUDIT_REQUIRE_PASS=1 ./docs/design/grammar-audit/s8-replacement-audit/run-probes.sh semantic_replacement_witnesses	"[""true"", ""true""]"
numeric-f64-div	numeric	pass	explicit-two-turn-predicate-or-value			MECH_AUDIT_CASE=numeric-f64-div MECH_AUDIT_REQUIRE_PASS=1 ./docs/design/grammar-audit/s8-replacement-audit/run-probes.sh semantic_replacement_witnesses	"[""true"", ""true""]"
numeric-f64-pow	numeric	pass	explicit-two-turn-predicate-or-value			MECH_AUDIT_CASE=numeric-f64-pow MECH_AUDIT_REQUIRE_PASS=1 ./docs/design/grammar-audit/s8-replacement-audit/run-probes.sh semantic_replacement_witnesses	"[""true"", ""true""]"
matrix-repeat-f64	selection	pass	explicit-two-turn-predicate-or-value			MECH_AUDIT_CASE=matrix-repeat-f64 MECH_AUDIT_REQUIRE_PASS=1 ./docs/design/grammar-audit/s8-replacement-audit/run-probes.sh semantic_replacement_witnesses	"[""true"", ""false""]"
scalar-c32	scalar	activation	explicit-two-turn-predicate-or-value	G01		MECH_AUDIT_CASE=scalar-c32 MECH_AUDIT_REQUIRE_PASS=1 ./docs/design/grammar-audit/s8-replacement-audit/run-probes.sh semantic_replacement_witnesses	"[""true"", ""false""]"
numeric-c32-add	numeric	activation	explicit-two-turn-predicate-or-value	G01		MECH_AUDIT_CASE=numeric-c32-add MECH_AUDIT_REQUIRE_PASS=1 ./docs/design/grammar-audit/s8-replacement-audit/run-probes.sh semantic_replacement_witnesses	"[""true"", ""true""]"
numeric-c32-sub	numeric	activation	explicit-two-turn-predicate-or-value	G01		MECH_AUDIT_CASE=numeric-c32-sub MECH_AUDIT_REQUIRE_PASS=1 ./docs/design/grammar-audit/s8-replacement-audit/run-probes.sh semantic_replacement_witnesses	"[""true"", ""true""]"
numeric-c32-mul	numeric	activation	explicit-two-turn-predicate-or-value	G01		MECH_AUDIT_CASE=numeric-c32-mul MECH_AUDIT_REQUIRE_PASS=1 ./docs/design/grammar-audit/s8-replacement-audit/run-probes.sh semantic_replacement_witnesses	"[""true"", ""true""]"
numeric-c32-div	numeric	activation	explicit-two-turn-predicate-or-value	G01		MECH_AUDIT_CASE=numeric-c32-div MECH_AUDIT_REQUIRE_PASS=1 ./docs/design/grammar-audit/s8-replacement-audit/run-probes.sh semantic_replacement_witnesses	"[""true"", ""true""]"
numeric-c32-pow	numeric	activation	explicit-two-turn-predicate-or-value	G02		MECH_AUDIT_CASE=numeric-c32-pow MECH_AUDIT_REQUIRE_PASS=1 ./docs/design/grammar-audit/s8-replacement-audit/run-probes.sh semantic_replacement_witnesses	"[""true"", ""true""]"
matrix-repeat-c32	selection	activation	explicit-two-turn-predicate-or-value	G01		MECH_AUDIT_CASE=matrix-repeat-c32 MECH_AUDIT_REQUIRE_PASS=1 ./docs/design/grammar-audit/s8-replacement-audit/run-probes.sh semantic_replacement_witnesses	"[""true"", ""false""]"
scalar-c64	scalar	pass	explicit-two-turn-predicate-or-value			MECH_AUDIT_CASE=scalar-c64 MECH_AUDIT_REQUIRE_PASS=1 ./docs/design/grammar-audit/s8-replacement-audit/run-probes.sh semantic_replacement_witnesses	"[""true"", ""false""]"
numeric-c64-add	numeric	pass	explicit-two-turn-predicate-or-value			MECH_AUDIT_CASE=numeric-c64-add MECH_AUDIT_REQUIRE_PASS=1 ./docs/design/grammar-audit/s8-replacement-audit/run-probes.sh semantic_replacement_witnesses	"[""true"", ""true""]"
numeric-c64-sub	numeric	pass	explicit-two-turn-predicate-or-value			MECH_AUDIT_CASE=numeric-c64-sub MECH_AUDIT_REQUIRE_PASS=1 ./docs/design/grammar-audit/s8-replacement-audit/run-probes.sh semantic_replacement_witnesses	"[""true"", ""true""]"
numeric-c64-mul	numeric	pass	explicit-two-turn-predicate-or-value			MECH_AUDIT_CASE=numeric-c64-mul MECH_AUDIT_REQUIRE_PASS=1 ./docs/design/grammar-audit/s8-replacement-audit/run-probes.sh semantic_replacement_witnesses	"[""true"", ""true""]"
numeric-c64-div	numeric	pass	explicit-two-turn-predicate-or-value			MECH_AUDIT_CASE=numeric-c64-div MECH_AUDIT_REQUIRE_PASS=1 ./docs/design/grammar-audit/s8-replacement-audit/run-probes.sh semantic_replacement_witnesses	"[""true"", ""true""]"
numeric-c64-pow	numeric	activation	explicit-two-turn-predicate-or-value	G02		MECH_AUDIT_CASE=numeric-c64-pow MECH_AUDIT_REQUIRE_PASS=1 ./docs/design/grammar-audit/s8-replacement-audit/run-probes.sh semantic_replacement_witnesses	"[""true"", ""true""]"
matrix-repeat-c64	selection	pass	explicit-two-turn-predicate-or-value			MECH_AUDIT_CASE=matrix-repeat-c64 MECH_AUDIT_REQUIRE_PASS=1 ./docs/design/grammar-audit/s8-replacement-audit/run-probes.sh semantic_replacement_witnesses	"[""true"", ""false""]"
scalar-r64	scalar	pass	explicit-two-turn-predicate-or-value			MECH_AUDIT_CASE=scalar-r64 MECH_AUDIT_REQUIRE_PASS=1 ./docs/design/grammar-audit/s8-replacement-audit/run-probes.sh semantic_replacement_witnesses	"[""true"", ""false""]"
numeric-r64-add	numeric	pass	explicit-two-turn-predicate-or-value			MECH_AUDIT_CASE=numeric-r64-add MECH_AUDIT_REQUIRE_PASS=1 ./docs/design/grammar-audit/s8-replacement-audit/run-probes.sh semantic_replacement_witnesses	"[""true"", ""true""]"
numeric-r64-sub	numeric	pass	explicit-two-turn-predicate-or-value			MECH_AUDIT_CASE=numeric-r64-sub MECH_AUDIT_REQUIRE_PASS=1 ./docs/design/grammar-audit/s8-replacement-audit/run-probes.sh semantic_replacement_witnesses	"[""true"", ""true""]"
numeric-r64-mul	numeric	pass	explicit-two-turn-predicate-or-value			MECH_AUDIT_CASE=numeric-r64-mul MECH_AUDIT_REQUIRE_PASS=1 ./docs/design/grammar-audit/s8-replacement-audit/run-probes.sh semantic_replacement_witnesses	"[""true"", ""true""]"
numeric-r64-div	numeric	pass	explicit-two-turn-predicate-or-value			MECH_AUDIT_CASE=numeric-r64-div MECH_AUDIT_REQUIRE_PASS=1 ./docs/design/grammar-audit/s8-replacement-audit/run-probes.sh semantic_replacement_witnesses	"[""true"", ""true""]"
numeric-r64-pow	numeric	activation	explicit-two-turn-predicate-or-value	G02		MECH_AUDIT_CASE=numeric-r64-pow MECH_AUDIT_REQUIRE_PASS=1 ./docs/design/grammar-audit/s8-replacement-audit/run-probes.sh semantic_replacement_witnesses	"[""true"", ""true""]"
matrix-repeat-r64	selection	pass	explicit-two-turn-predicate-or-value			MECH_AUDIT_CASE=matrix-repeat-r64 MECH_AUDIT_REQUIRE_PASS=1 ./docs/design/grammar-audit/s8-replacement-audit/run-probes.sh semantic_replacement_witnesses	"[""true"", ""false""]"
scalar-bool	scalar	pass	explicit-two-turn-predicate-or-value			MECH_AUDIT_CASE=scalar-bool MECH_AUDIT_REQUIRE_PASS=1 ./docs/design/grammar-audit/s8-replacement-audit/run-probes.sh semantic_replacement_witnesses	"[""true"", ""false""]"
scalar-string	scalar	pass	explicit-two-turn-predicate-or-value			MECH_AUDIT_CASE=scalar-string MECH_AUDIT_REQUIRE_PASS=1 ./docs/design/grammar-audit/s8-replacement-audit/run-probes.sh semantic_replacement_witnesses	"[""true"", ""false""]"
mixed-repeated	semantic	wrong-value	explicit-two-turn-predicate-or-value	G04		MECH_AUDIT_CASE=mixed-repeated MECH_AUDIT_REQUIRE_PASS=1 ./docs/design/grammar-audit/s8-replacement-audit/run-probes.sh semantic_replacement_witnesses	"[""true"", ""false""]"
nested-repeated	semantic	wrong-value	explicit-two-turn-predicate-or-value	G04		MECH_AUDIT_CASE=nested-repeated MECH_AUDIT_REQUIRE_PASS=1 ./docs/design/grammar-audit/s8-replacement-audit/run-probes.sh semantic_replacement_witnesses	"[""true"", ""false""]"
record-update	semantic	pass	explicit-two-turn-predicate-or-value			MECH_AUDIT_CASE=record-update MECH_AUDIT_REQUIRE_PASS=1 ./docs/design/grammar-audit/s8-replacement-audit/run-probes.sh semantic_replacement_witnesses	"[""true"", ""false""]"
tuple-update	semantic	pass	explicit-two-turn-predicate-or-value			MECH_AUDIT_CASE=tuple-update MECH_AUDIT_REQUIRE_PASS=1 ./docs/design/grammar-audit/s8-replacement-audit/run-probes.sh semantic_replacement_witnesses	"[""true"", ""false""]"
map-update	semantic	pass	explicit-two-turn-predicate-or-value			MECH_AUDIT_CASE=map-update MECH_AUDIT_REQUIRE_PASS=1 ./docs/design/grammar-audit/s8-replacement-audit/run-probes.sh semantic_replacement_witnesses	"[""true"", ""false""]"
table-update	semantic	pass	explicit-two-turn-predicate-or-value			MECH_AUDIT_CASE=table-update MECH_AUDIT_REQUIRE_PASS=1 ./docs/design/grammar-audit/s8-replacement-audit/run-probes.sh semantic_replacement_witnesses	"[""true"", ""false""]"
option-update	semantic	pass	source-bytecode-equivalence-only		O03	MECH_AUDIT_CASE=option-update MECH_AUDIT_REQUIRE_PASS=1 ./docs/design/grammar-audit/s8-replacement-audit/run-probes.sh semantic_replacement_witnesses	null
dynamic-payload	semantic	pass	source-bytecode-equivalence-only		O03	MECH_AUDIT_CASE=dynamic-payload MECH_AUDIT_REQUIRE_PASS=1 ./docs/design/grammar-audit/s8-replacement-audit/run-probes.sh semantic_replacement_witnesses	null
nominal-atom	semantic	pass	source-bytecode-equivalence-only		O03	MECH_AUDIT_CASE=nominal-atom MECH_AUDIT_REQUIRE_PASS=1 ./docs/design/grammar-audit/s8-replacement-audit/run-probes.sh semantic_replacement_witnesses	null
reified-kind	semantic	pass	source-bytecode-equivalence-only		O03	MECH_AUDIT_CASE=reified-kind MECH_AUDIT_REQUIRE_PASS=1 ./docs/design/grammar-audit/s8-replacement-audit/run-probes.sh semantic_replacement_witnesses	null
reified-inferred-matrix	semantic	lowering	source-bytecode-equivalence-only	G13	O03	MECH_AUDIT_CASE=reified-inferred-matrix MECH_AUDIT_REQUIRE_PASS=1 ./docs/design/grammar-audit/s8-replacement-audit/run-probes.sh semantic_replacement_witnesses	null
kind-alias	semantic	lowering	source-bytecode-equivalence-only	G10	O03	MECH_AUDIT_CASE=kind-alias MECH_AUDIT_REQUIRE_PASS=1 ./docs/design/grammar-audit/s8-replacement-audit/run-probes.sh semantic_replacement_witnesses	null
enum-declaration	semantic	lowering	source-bytecode-equivalence-only	G11	O03	MECH_AUDIT_CASE=enum-declaration MECH_AUDIT_REQUIRE_PASS=1 ./docs/design/grammar-audit/s8-replacement-audit/run-probes.sh semantic_replacement_witnesses	null
activation-scope	semantic	lowering	source-bytecode-equivalence-only	G15	O03	MECH_AUDIT_CASE=activation-scope MECH_AUDIT_REQUIRE_PASS=1 ./docs/design/grammar-audit/s8-replacement-audit/run-probes.sh semantic_replacement_witnesses	null
fsm-pipe	semantic	activation	source-bytecode-equivalence-only	G14	O03	MECH_AUDIT_CASE=fsm-pipe MECH_AUDIT_REQUIRE_PASS=1 ./docs/design/grammar-audit/s8-replacement-audit/run-probes.sh semantic_replacement_witnesses	null
pattern-function	semantic	lowering	explicit-two-turn-predicate-or-value	G19		MECH_AUDIT_CASE=pattern-function MECH_AUDIT_REQUIRE_PASS=1 ./docs/design/grammar-audit/s8-replacement-audit/run-probes.sh semantic_replacement_witnesses	"[""3"", ""3""]"
factorial	semantic	lowering	explicit-two-turn-predicate-or-value	G19		MECH_AUDIT_CASE=factorial MECH_AUDIT_REQUIRE_PASS=1 ./docs/design/grammar-audit/s8-replacement-audit/run-probes.sh semantic_replacement_witnesses	"[""120"", ""120""]"
comprehension-initializer	semantic	activation	explicit-two-turn-predicate-or-value	G05		MECH_AUDIT_CASE=comprehension-initializer MECH_AUDIT_REQUIRE_PASS=1 ./docs/design/grammar-audit/s8-replacement-audit/run-probes.sh semantic_replacement_witnesses	"[""8"", ""8""]"
match-initializer	semantic	activation	explicit-two-turn-predicate-or-value	G05		MECH_AUDIT_CASE=match-initializer MECH_AUDIT_REQUIRE_PASS=1 ./docs/design/grammar-audit/s8-replacement-audit/run-probes.sh semantic_replacement_witnesses	"[""2"", ""3""]"
comprehension-i32	semantic	activation	source-bytecode-equivalence-only	G06	O03	MECH_AUDIT_CASE=comprehension-i32 MECH_AUDIT_REQUIRE_PASS=1 ./docs/design/grammar-audit/s8-replacement-audit/run-probes.sh semantic_replacement_witnesses	null
comprehension-string	semantic	activation	source-bytecode-equivalence-only	G06	O03	MECH_AUDIT_CASE=comprehension-string MECH_AUDIT_REQUIRE_PASS=1 ./docs/design/grammar-audit/s8-replacement-audit/run-probes.sh semantic_replacement_witnesses	null
comprehension-composite	semantic	activation	source-bytecode-equivalence-only	G06	O03	MECH_AUDIT_CASE=comprehension-composite MECH_AUDIT_REQUIRE_PASS=1 ./docs/design/grammar-audit/s8-replacement-audit/run-probes.sh semantic_replacement_witnesses	null
comprehension-nested	semantic	lowering	source-bytecode-equivalence-only	G07	O03	MECH_AUDIT_CASE=comprehension-nested MECH_AUDIT_REQUIRE_PASS=1 ./docs/design/grammar-audit/s8-replacement-audit/run-probes.sh semantic_replacement_witnesses	null
comprehension-match	semantic	lowering	source-bytecode-equivalence-only	G07	O03	MECH_AUDIT_CASE=comprehension-match MECH_AUDIT_REQUIRE_PASS=1 ./docs/design/grammar-audit/s8-replacement-audit/run-probes.sh semantic_replacement_witnesses	null
comprehension-computed-pattern	semantic	lowering	source-bytecode-equivalence-only	G08	O03	MECH_AUDIT_CASE=comprehension-computed-pattern MECH_AUDIT_REQUIRE_PASS=1 ./docs/design/grammar-audit/s8-replacement-audit/run-probes.sh semantic_replacement_witnesses	null
match-tuple	semantic	lowering	explicit-two-turn-predicate-or-value	G09		MECH_AUDIT_CASE=match-tuple MECH_AUDIT_REQUIRE_PASS=1 ./docs/design/grammar-audit/s8-replacement-audit/run-probes.sh semantic_replacement_witnesses	"[""3"", ""3""]"
match-dynamic-result	semantic	pass	source-bytecode-equivalence-only		O03	MECH_AUDIT_CASE=match-dynamic-result MECH_AUDIT_REQUIRE_PASS=1 ./docs/design/grammar-audit/s8-replacement-audit/run-probes.sh semantic_replacement_witnesses	null
logical-read	semantic	activation	source-bytecode-equivalence-only	G17	O03	MECH_AUDIT_CASE=logical-read MECH_AUDIT_REQUIRE_PASS=1 ./docs/design/grammar-audit/s8-replacement-audit/run-probes.sh semantic_replacement_witnesses	null
logical-write	semantic	pass	explicit-two-turn-predicate-or-value			MECH_AUDIT_CASE=logical-write MECH_AUDIT_REQUIRE_PASS=1 ./docs/design/grammar-audit/s8-replacement-audit/run-probes.sh semantic_replacement_witnesses	"[""9"", ""9""]"
dynamic-concat	semantic	activation	source-bytecode-equivalence-only	G18	O03	MECH_AUDIT_CASE=dynamic-concat MECH_AUDIT_REQUIRE_PASS=1 ./docs/design/grammar-audit/s8-replacement-audit/run-probes.sh semantic_replacement_witnesses	null
constrained-kind	semantic	index	explicit-two-turn-predicate-or-value	G12		MECH_AUDIT_CASE=constrained-kind MECH_AUDIT_REQUIRE_PASS=1 ./docs/design/grammar-audit/s8-replacement-audit/run-probes.sh semantic_replacement_witnesses	"[""2"", ""2""]"
rational-integral-power	numeric	pass	explicit-two-turn-predicate-or-value			MECH_AUDIT_CASE=rational-integral-power MECH_AUDIT_REQUIRE_PASS=1 ./docs/design/grammar-audit/s8-replacement-audit/run-probes.sh semantic_replacement_witnesses	"[""true"", ""true""]"
matrix-u8-add	matrix	pass	explicit-two-turn-predicate-or-value			MECH_AUDIT_CASE=matrix-u8-add MECH_AUDIT_REQUIRE_PASS=1 ./docs/design/grammar-audit/s8-replacement-audit/run-probes.sh semantic_replacement_witnesses	"[""true"", ""true""]"
matrix-u8-sub	matrix	pass	explicit-two-turn-predicate-or-value			MECH_AUDIT_CASE=matrix-u8-sub MECH_AUDIT_REQUIRE_PASS=1 ./docs/design/grammar-audit/s8-replacement-audit/run-probes.sh semantic_replacement_witnesses	"[""true"", ""true""]"
matrix-u8-mul	matrix	pass	explicit-two-turn-predicate-or-value			MECH_AUDIT_CASE=matrix-u8-mul MECH_AUDIT_REQUIRE_PASS=1 ./docs/design/grammar-audit/s8-replacement-audit/run-probes.sh semantic_replacement_witnesses	"[""true"", ""true""]"
matrix-u8-div	matrix	pass	explicit-two-turn-predicate-or-value			MECH_AUDIT_CASE=matrix-u8-div MECH_AUDIT_REQUIRE_PASS=1 ./docs/design/grammar-audit/s8-replacement-audit/run-probes.sh semantic_replacement_witnesses	"[""true"", ""true""]"
matrix-u8-transpose	matrix	pass	explicit-two-turn-predicate-or-value			MECH_AUDIT_CASE=matrix-u8-transpose MECH_AUDIT_REQUIRE_PASS=1 ./docs/design/grammar-audit/s8-replacement-audit/run-probes.sh semantic_replacement_witnesses	"[""true"", ""true""]"
matrix-u8-sum	matrix	pass	explicit-two-turn-predicate-or-value			MECH_AUDIT_CASE=matrix-u8-sum MECH_AUDIT_REQUIRE_PASS=1 ./docs/design/grammar-audit/s8-replacement-audit/run-probes.sh semantic_replacement_witnesses	"[""true"", ""true""]"
matrix-u8-matmul	matrix	pass	explicit-two-turn-predicate-or-value			MECH_AUDIT_CASE=matrix-u8-matmul MECH_AUDIT_REQUIRE_PASS=1 ./docs/design/grammar-audit/s8-replacement-audit/run-probes.sh semantic_replacement_witnesses	"[""true"", ""true""]"
matrix-u16-add	matrix	pass	explicit-two-turn-predicate-or-value			MECH_AUDIT_CASE=matrix-u16-add MECH_AUDIT_REQUIRE_PASS=1 ./docs/design/grammar-audit/s8-replacement-audit/run-probes.sh semantic_replacement_witnesses	"[""true"", ""true""]"
matrix-u16-sub	matrix	pass	explicit-two-turn-predicate-or-value			MECH_AUDIT_CASE=matrix-u16-sub MECH_AUDIT_REQUIRE_PASS=1 ./docs/design/grammar-audit/s8-replacement-audit/run-probes.sh semantic_replacement_witnesses	"[""true"", ""true""]"
matrix-u16-mul	matrix	pass	explicit-two-turn-predicate-or-value			MECH_AUDIT_CASE=matrix-u16-mul MECH_AUDIT_REQUIRE_PASS=1 ./docs/design/grammar-audit/s8-replacement-audit/run-probes.sh semantic_replacement_witnesses	"[""true"", ""true""]"
matrix-u16-div	matrix	pass	explicit-two-turn-predicate-or-value			MECH_AUDIT_CASE=matrix-u16-div MECH_AUDIT_REQUIRE_PASS=1 ./docs/design/grammar-audit/s8-replacement-audit/run-probes.sh semantic_replacement_witnesses	"[""true"", ""true""]"
matrix-u16-transpose	matrix	pass	explicit-two-turn-predicate-or-value			MECH_AUDIT_CASE=matrix-u16-transpose MECH_AUDIT_REQUIRE_PASS=1 ./docs/design/grammar-audit/s8-replacement-audit/run-probes.sh semantic_replacement_witnesses	"[""true"", ""true""]"
matrix-u16-sum	matrix	pass	explicit-two-turn-predicate-or-value			MECH_AUDIT_CASE=matrix-u16-sum MECH_AUDIT_REQUIRE_PASS=1 ./docs/design/grammar-audit/s8-replacement-audit/run-probes.sh semantic_replacement_witnesses	"[""true"", ""true""]"
matrix-u16-matmul	matrix	pass	explicit-two-turn-predicate-or-value			MECH_AUDIT_CASE=matrix-u16-matmul MECH_AUDIT_REQUIRE_PASS=1 ./docs/design/grammar-audit/s8-replacement-audit/run-probes.sh semantic_replacement_witnesses	"[""true"", ""true""]"
matrix-u32-add	matrix	pass	explicit-two-turn-predicate-or-value			MECH_AUDIT_CASE=matrix-u32-add MECH_AUDIT_REQUIRE_PASS=1 ./docs/design/grammar-audit/s8-replacement-audit/run-probes.sh semantic_replacement_witnesses	"[""true"", ""true""]"
matrix-u32-sub	matrix	pass	explicit-two-turn-predicate-or-value			MECH_AUDIT_CASE=matrix-u32-sub MECH_AUDIT_REQUIRE_PASS=1 ./docs/design/grammar-audit/s8-replacement-audit/run-probes.sh semantic_replacement_witnesses	"[""true"", ""true""]"
matrix-u32-mul	matrix	pass	explicit-two-turn-predicate-or-value			MECH_AUDIT_CASE=matrix-u32-mul MECH_AUDIT_REQUIRE_PASS=1 ./docs/design/grammar-audit/s8-replacement-audit/run-probes.sh semantic_replacement_witnesses	"[""true"", ""true""]"
matrix-u32-div	matrix	pass	explicit-two-turn-predicate-or-value			MECH_AUDIT_CASE=matrix-u32-div MECH_AUDIT_REQUIRE_PASS=1 ./docs/design/grammar-audit/s8-replacement-audit/run-probes.sh semantic_replacement_witnesses	"[""true"", ""true""]"
matrix-u32-transpose	matrix	pass	explicit-two-turn-predicate-or-value			MECH_AUDIT_CASE=matrix-u32-transpose MECH_AUDIT_REQUIRE_PASS=1 ./docs/design/grammar-audit/s8-replacement-audit/run-probes.sh semantic_replacement_witnesses	"[""true"", ""true""]"
matrix-u32-sum	matrix	pass	explicit-two-turn-predicate-or-value			MECH_AUDIT_CASE=matrix-u32-sum MECH_AUDIT_REQUIRE_PASS=1 ./docs/design/grammar-audit/s8-replacement-audit/run-probes.sh semantic_replacement_witnesses	"[""true"", ""true""]"
matrix-u32-matmul	matrix	pass	explicit-two-turn-predicate-or-value			MECH_AUDIT_CASE=matrix-u32-matmul MECH_AUDIT_REQUIRE_PASS=1 ./docs/design/grammar-audit/s8-replacement-audit/run-probes.sh semantic_replacement_witnesses	"[""true"", ""true""]"
matrix-u64-add	matrix	pass	explicit-two-turn-predicate-or-value			MECH_AUDIT_CASE=matrix-u64-add MECH_AUDIT_REQUIRE_PASS=1 ./docs/design/grammar-audit/s8-replacement-audit/run-probes.sh semantic_replacement_witnesses	"[""true"", ""true""]"
matrix-u64-sub	matrix	pass	explicit-two-turn-predicate-or-value			MECH_AUDIT_CASE=matrix-u64-sub MECH_AUDIT_REQUIRE_PASS=1 ./docs/design/grammar-audit/s8-replacement-audit/run-probes.sh semantic_replacement_witnesses	"[""true"", ""true""]"
matrix-u64-mul	matrix	pass	explicit-two-turn-predicate-or-value			MECH_AUDIT_CASE=matrix-u64-mul MECH_AUDIT_REQUIRE_PASS=1 ./docs/design/grammar-audit/s8-replacement-audit/run-probes.sh semantic_replacement_witnesses	"[""true"", ""true""]"
matrix-u64-div	matrix	pass	explicit-two-turn-predicate-or-value			MECH_AUDIT_CASE=matrix-u64-div MECH_AUDIT_REQUIRE_PASS=1 ./docs/design/grammar-audit/s8-replacement-audit/run-probes.sh semantic_replacement_witnesses	"[""true"", ""true""]"
matrix-u64-transpose	matrix	pass	explicit-two-turn-predicate-or-value			MECH_AUDIT_CASE=matrix-u64-transpose MECH_AUDIT_REQUIRE_PASS=1 ./docs/design/grammar-audit/s8-replacement-audit/run-probes.sh semantic_replacement_witnesses	"[""true"", ""true""]"
matrix-u64-sum	matrix	pass	explicit-two-turn-predicate-or-value			MECH_AUDIT_CASE=matrix-u64-sum MECH_AUDIT_REQUIRE_PASS=1 ./docs/design/grammar-audit/s8-replacement-audit/run-probes.sh semantic_replacement_witnesses	"[""true"", ""true""]"
matrix-u64-matmul	matrix	pass	explicit-two-turn-predicate-or-value			MECH_AUDIT_CASE=matrix-u64-matmul MECH_AUDIT_REQUIRE_PASS=1 ./docs/design/grammar-audit/s8-replacement-audit/run-probes.sh semantic_replacement_witnesses	"[""true"", ""true""]"
matrix-u128-add	matrix	pass	explicit-two-turn-predicate-or-value			MECH_AUDIT_CASE=matrix-u128-add MECH_AUDIT_REQUIRE_PASS=1 ./docs/design/grammar-audit/s8-replacement-audit/run-probes.sh semantic_replacement_witnesses	"[""true"", ""true""]"
matrix-u128-sub	matrix	pass	explicit-two-turn-predicate-or-value			MECH_AUDIT_CASE=matrix-u128-sub MECH_AUDIT_REQUIRE_PASS=1 ./docs/design/grammar-audit/s8-replacement-audit/run-probes.sh semantic_replacement_witnesses	"[""true"", ""true""]"
matrix-u128-mul	matrix	pass	explicit-two-turn-predicate-or-value			MECH_AUDIT_CASE=matrix-u128-mul MECH_AUDIT_REQUIRE_PASS=1 ./docs/design/grammar-audit/s8-replacement-audit/run-probes.sh semantic_replacement_witnesses	"[""true"", ""true""]"
matrix-u128-div	matrix	pass	explicit-two-turn-predicate-or-value			MECH_AUDIT_CASE=matrix-u128-div MECH_AUDIT_REQUIRE_PASS=1 ./docs/design/grammar-audit/s8-replacement-audit/run-probes.sh semantic_replacement_witnesses	"[""true"", ""true""]"
matrix-u128-transpose	matrix	pass	explicit-two-turn-predicate-or-value			MECH_AUDIT_CASE=matrix-u128-transpose MECH_AUDIT_REQUIRE_PASS=1 ./docs/design/grammar-audit/s8-replacement-audit/run-probes.sh semantic_replacement_witnesses	"[""true"", ""true""]"
matrix-u128-sum	matrix	pass	explicit-two-turn-predicate-or-value			MECH_AUDIT_CASE=matrix-u128-sum MECH_AUDIT_REQUIRE_PASS=1 ./docs/design/grammar-audit/s8-replacement-audit/run-probes.sh semantic_replacement_witnesses	"[""true"", ""true""]"
matrix-u128-matmul	matrix	pass	explicit-two-turn-predicate-or-value			MECH_AUDIT_CASE=matrix-u128-matmul MECH_AUDIT_REQUIRE_PASS=1 ./docs/design/grammar-audit/s8-replacement-audit/run-probes.sh semantic_replacement_witnesses	"[""true"", ""true""]"
matrix-i8-add	matrix	pass	explicit-two-turn-predicate-or-value			MECH_AUDIT_CASE=matrix-i8-add MECH_AUDIT_REQUIRE_PASS=1 ./docs/design/grammar-audit/s8-replacement-audit/run-probes.sh semantic_replacement_witnesses	"[""true"", ""true""]"
matrix-i8-sub	matrix	pass	explicit-two-turn-predicate-or-value			MECH_AUDIT_CASE=matrix-i8-sub MECH_AUDIT_REQUIRE_PASS=1 ./docs/design/grammar-audit/s8-replacement-audit/run-probes.sh semantic_replacement_witnesses	"[""true"", ""true""]"
matrix-i8-mul	matrix	pass	explicit-two-turn-predicate-or-value			MECH_AUDIT_CASE=matrix-i8-mul MECH_AUDIT_REQUIRE_PASS=1 ./docs/design/grammar-audit/s8-replacement-audit/run-probes.sh semantic_replacement_witnesses	"[""true"", ""true""]"
matrix-i8-div	matrix	pass	explicit-two-turn-predicate-or-value			MECH_AUDIT_CASE=matrix-i8-div MECH_AUDIT_REQUIRE_PASS=1 ./docs/design/grammar-audit/s8-replacement-audit/run-probes.sh semantic_replacement_witnesses	"[""true"", ""true""]"
matrix-i8-transpose	matrix	pass	explicit-two-turn-predicate-or-value			MECH_AUDIT_CASE=matrix-i8-transpose MECH_AUDIT_REQUIRE_PASS=1 ./docs/design/grammar-audit/s8-replacement-audit/run-probes.sh semantic_replacement_witnesses	"[""true"", ""true""]"
matrix-i8-sum	matrix	pass	explicit-two-turn-predicate-or-value			MECH_AUDIT_CASE=matrix-i8-sum MECH_AUDIT_REQUIRE_PASS=1 ./docs/design/grammar-audit/s8-replacement-audit/run-probes.sh semantic_replacement_witnesses	"[""true"", ""true""]"
matrix-i8-matmul	matrix	pass	explicit-two-turn-predicate-or-value			MECH_AUDIT_CASE=matrix-i8-matmul MECH_AUDIT_REQUIRE_PASS=1 ./docs/design/grammar-audit/s8-replacement-audit/run-probes.sh semantic_replacement_witnesses	"[""true"", ""true""]"
matrix-i16-add	matrix	pass	explicit-two-turn-predicate-or-value			MECH_AUDIT_CASE=matrix-i16-add MECH_AUDIT_REQUIRE_PASS=1 ./docs/design/grammar-audit/s8-replacement-audit/run-probes.sh semantic_replacement_witnesses	"[""true"", ""true""]"
matrix-i16-sub	matrix	pass	explicit-two-turn-predicate-or-value			MECH_AUDIT_CASE=matrix-i16-sub MECH_AUDIT_REQUIRE_PASS=1 ./docs/design/grammar-audit/s8-replacement-audit/run-probes.sh semantic_replacement_witnesses	"[""true"", ""true""]"
matrix-i16-mul	matrix	pass	explicit-two-turn-predicate-or-value			MECH_AUDIT_CASE=matrix-i16-mul MECH_AUDIT_REQUIRE_PASS=1 ./docs/design/grammar-audit/s8-replacement-audit/run-probes.sh semantic_replacement_witnesses	"[""true"", ""true""]"
matrix-i16-div	matrix	pass	explicit-two-turn-predicate-or-value			MECH_AUDIT_CASE=matrix-i16-div MECH_AUDIT_REQUIRE_PASS=1 ./docs/design/grammar-audit/s8-replacement-audit/run-probes.sh semantic_replacement_witnesses	"[""true"", ""true""]"
matrix-i16-transpose	matrix	pass	explicit-two-turn-predicate-or-value			MECH_AUDIT_CASE=matrix-i16-transpose MECH_AUDIT_REQUIRE_PASS=1 ./docs/design/grammar-audit/s8-replacement-audit/run-probes.sh semantic_replacement_witnesses	"[""true"", ""true""]"
matrix-i16-sum	matrix	pass	explicit-two-turn-predicate-or-value			MECH_AUDIT_CASE=matrix-i16-sum MECH_AUDIT_REQUIRE_PASS=1 ./docs/design/grammar-audit/s8-replacement-audit/run-probes.sh semantic_replacement_witnesses	"[""true"", ""true""]"
matrix-i16-matmul	matrix	pass	explicit-two-turn-predicate-or-value			MECH_AUDIT_CASE=matrix-i16-matmul MECH_AUDIT_REQUIRE_PASS=1 ./docs/design/grammar-audit/s8-replacement-audit/run-probes.sh semantic_replacement_witnesses	"[""true"", ""true""]"
matrix-i32-add	matrix	pass	explicit-two-turn-predicate-or-value			MECH_AUDIT_CASE=matrix-i32-add MECH_AUDIT_REQUIRE_PASS=1 ./docs/design/grammar-audit/s8-replacement-audit/run-probes.sh semantic_replacement_witnesses	"[""true"", ""true""]"
matrix-i32-sub	matrix	pass	explicit-two-turn-predicate-or-value			MECH_AUDIT_CASE=matrix-i32-sub MECH_AUDIT_REQUIRE_PASS=1 ./docs/design/grammar-audit/s8-replacement-audit/run-probes.sh semantic_replacement_witnesses	"[""true"", ""true""]"
matrix-i32-mul	matrix	pass	explicit-two-turn-predicate-or-value			MECH_AUDIT_CASE=matrix-i32-mul MECH_AUDIT_REQUIRE_PASS=1 ./docs/design/grammar-audit/s8-replacement-audit/run-probes.sh semantic_replacement_witnesses	"[""true"", ""true""]"
matrix-i32-div	matrix	pass	explicit-two-turn-predicate-or-value			MECH_AUDIT_CASE=matrix-i32-div MECH_AUDIT_REQUIRE_PASS=1 ./docs/design/grammar-audit/s8-replacement-audit/run-probes.sh semantic_replacement_witnesses	"[""true"", ""true""]"
matrix-i32-transpose	matrix	pass	explicit-two-turn-predicate-or-value			MECH_AUDIT_CASE=matrix-i32-transpose MECH_AUDIT_REQUIRE_PASS=1 ./docs/design/grammar-audit/s8-replacement-audit/run-probes.sh semantic_replacement_witnesses	"[""true"", ""true""]"
matrix-i32-sum	matrix	pass	explicit-two-turn-predicate-or-value			MECH_AUDIT_CASE=matrix-i32-sum MECH_AUDIT_REQUIRE_PASS=1 ./docs/design/grammar-audit/s8-replacement-audit/run-probes.sh semantic_replacement_witnesses	"[""true"", ""true""]"
matrix-i32-matmul	matrix	pass	explicit-two-turn-predicate-or-value			MECH_AUDIT_CASE=matrix-i32-matmul MECH_AUDIT_REQUIRE_PASS=1 ./docs/design/grammar-audit/s8-replacement-audit/run-probes.sh semantic_replacement_witnesses	"[""true"", ""true""]"
matrix-i64-add	matrix	pass	explicit-two-turn-predicate-or-value			MECH_AUDIT_CASE=matrix-i64-add MECH_AUDIT_REQUIRE_PASS=1 ./docs/design/grammar-audit/s8-replacement-audit/run-probes.sh semantic_replacement_witnesses	"[""true"", ""true""]"
matrix-i64-sub	matrix	pass	explicit-two-turn-predicate-or-value			MECH_AUDIT_CASE=matrix-i64-sub MECH_AUDIT_REQUIRE_PASS=1 ./docs/design/grammar-audit/s8-replacement-audit/run-probes.sh semantic_replacement_witnesses	"[""true"", ""true""]"
matrix-i64-mul	matrix	pass	explicit-two-turn-predicate-or-value			MECH_AUDIT_CASE=matrix-i64-mul MECH_AUDIT_REQUIRE_PASS=1 ./docs/design/grammar-audit/s8-replacement-audit/run-probes.sh semantic_replacement_witnesses	"[""true"", ""true""]"
matrix-i64-div	matrix	pass	explicit-two-turn-predicate-or-value			MECH_AUDIT_CASE=matrix-i64-div MECH_AUDIT_REQUIRE_PASS=1 ./docs/design/grammar-audit/s8-replacement-audit/run-probes.sh semantic_replacement_witnesses	"[""true"", ""true""]"
matrix-i64-transpose	matrix	pass	explicit-two-turn-predicate-or-value			MECH_AUDIT_CASE=matrix-i64-transpose MECH_AUDIT_REQUIRE_PASS=1 ./docs/design/grammar-audit/s8-replacement-audit/run-probes.sh semantic_replacement_witnesses	"[""true"", ""true""]"
matrix-i64-sum	matrix	pass	explicit-two-turn-predicate-or-value			MECH_AUDIT_CASE=matrix-i64-sum MECH_AUDIT_REQUIRE_PASS=1 ./docs/design/grammar-audit/s8-replacement-audit/run-probes.sh semantic_replacement_witnesses	"[""true"", ""true""]"
matrix-i64-matmul	matrix	pass	explicit-two-turn-predicate-or-value			MECH_AUDIT_CASE=matrix-i64-matmul MECH_AUDIT_REQUIRE_PASS=1 ./docs/design/grammar-audit/s8-replacement-audit/run-probes.sh semantic_replacement_witnesses	"[""true"", ""true""]"
matrix-i128-add	matrix	pass	explicit-two-turn-predicate-or-value			MECH_AUDIT_CASE=matrix-i128-add MECH_AUDIT_REQUIRE_PASS=1 ./docs/design/grammar-audit/s8-replacement-audit/run-probes.sh semantic_replacement_witnesses	"[""true"", ""true""]"
matrix-i128-sub	matrix	pass	explicit-two-turn-predicate-or-value			MECH_AUDIT_CASE=matrix-i128-sub MECH_AUDIT_REQUIRE_PASS=1 ./docs/design/grammar-audit/s8-replacement-audit/run-probes.sh semantic_replacement_witnesses	"[""true"", ""true""]"
matrix-i128-mul	matrix	pass	explicit-two-turn-predicate-or-value			MECH_AUDIT_CASE=matrix-i128-mul MECH_AUDIT_REQUIRE_PASS=1 ./docs/design/grammar-audit/s8-replacement-audit/run-probes.sh semantic_replacement_witnesses	"[""true"", ""true""]"
matrix-i128-div	matrix	pass	explicit-two-turn-predicate-or-value			MECH_AUDIT_CASE=matrix-i128-div MECH_AUDIT_REQUIRE_PASS=1 ./docs/design/grammar-audit/s8-replacement-audit/run-probes.sh semantic_replacement_witnesses	"[""true"", ""true""]"
matrix-i128-transpose	matrix	pass	explicit-two-turn-predicate-or-value			MECH_AUDIT_CASE=matrix-i128-transpose MECH_AUDIT_REQUIRE_PASS=1 ./docs/design/grammar-audit/s8-replacement-audit/run-probes.sh semantic_replacement_witnesses	"[""true"", ""true""]"
matrix-i128-sum	matrix	pass	explicit-two-turn-predicate-or-value			MECH_AUDIT_CASE=matrix-i128-sum MECH_AUDIT_REQUIRE_PASS=1 ./docs/design/grammar-audit/s8-replacement-audit/run-probes.sh semantic_replacement_witnesses	"[""true"", ""true""]"
matrix-i128-matmul	matrix	pass	explicit-two-turn-predicate-or-value			MECH_AUDIT_CASE=matrix-i128-matmul MECH_AUDIT_REQUIRE_PASS=1 ./docs/design/grammar-audit/s8-replacement-audit/run-probes.sh semantic_replacement_witnesses	"[""true"", ""true""]"
matrix-f32-add	matrix	pass	explicit-two-turn-predicate-or-value			MECH_AUDIT_CASE=matrix-f32-add MECH_AUDIT_REQUIRE_PASS=1 ./docs/design/grammar-audit/s8-replacement-audit/run-probes.sh semantic_replacement_witnesses	"[""true"", ""true""]"
matrix-f32-sub	matrix	pass	explicit-two-turn-predicate-or-value			MECH_AUDIT_CASE=matrix-f32-sub MECH_AUDIT_REQUIRE_PASS=1 ./docs/design/grammar-audit/s8-replacement-audit/run-probes.sh semantic_replacement_witnesses	"[""true"", ""true""]"
matrix-f32-mul	matrix	pass	explicit-two-turn-predicate-or-value			MECH_AUDIT_CASE=matrix-f32-mul MECH_AUDIT_REQUIRE_PASS=1 ./docs/design/grammar-audit/s8-replacement-audit/run-probes.sh semantic_replacement_witnesses	"[""true"", ""true""]"
matrix-f32-div	matrix	pass	explicit-two-turn-predicate-or-value			MECH_AUDIT_CASE=matrix-f32-div MECH_AUDIT_REQUIRE_PASS=1 ./docs/design/grammar-audit/s8-replacement-audit/run-probes.sh semantic_replacement_witnesses	"[""true"", ""true""]"
matrix-f32-transpose	matrix	pass	explicit-two-turn-predicate-or-value			MECH_AUDIT_CASE=matrix-f32-transpose MECH_AUDIT_REQUIRE_PASS=1 ./docs/design/grammar-audit/s8-replacement-audit/run-probes.sh semantic_replacement_witnesses	"[""true"", ""true""]"
matrix-f32-sum	matrix	pass	explicit-two-turn-predicate-or-value			MECH_AUDIT_CASE=matrix-f32-sum MECH_AUDIT_REQUIRE_PASS=1 ./docs/design/grammar-audit/s8-replacement-audit/run-probes.sh semantic_replacement_witnesses	"[""true"", ""true""]"
matrix-f32-matmul	matrix	pass	explicit-two-turn-predicate-or-value			MECH_AUDIT_CASE=matrix-f32-matmul MECH_AUDIT_REQUIRE_PASS=1 ./docs/design/grammar-audit/s8-replacement-audit/run-probes.sh semantic_replacement_witnesses	"[""true"", ""true""]"
matrix-f64-add	matrix	pass	explicit-two-turn-predicate-or-value			MECH_AUDIT_CASE=matrix-f64-add MECH_AUDIT_REQUIRE_PASS=1 ./docs/design/grammar-audit/s8-replacement-audit/run-probes.sh semantic_replacement_witnesses	"[""true"", ""true""]"
matrix-f64-sub	matrix	pass	explicit-two-turn-predicate-or-value			MECH_AUDIT_CASE=matrix-f64-sub MECH_AUDIT_REQUIRE_PASS=1 ./docs/design/grammar-audit/s8-replacement-audit/run-probes.sh semantic_replacement_witnesses	"[""true"", ""true""]"
matrix-f64-mul	matrix	pass	explicit-two-turn-predicate-or-value			MECH_AUDIT_CASE=matrix-f64-mul MECH_AUDIT_REQUIRE_PASS=1 ./docs/design/grammar-audit/s8-replacement-audit/run-probes.sh semantic_replacement_witnesses	"[""true"", ""true""]"
matrix-f64-div	matrix	pass	explicit-two-turn-predicate-or-value			MECH_AUDIT_CASE=matrix-f64-div MECH_AUDIT_REQUIRE_PASS=1 ./docs/design/grammar-audit/s8-replacement-audit/run-probes.sh semantic_replacement_witnesses	"[""true"", ""true""]"
matrix-f64-transpose	matrix	pass	explicit-two-turn-predicate-or-value			MECH_AUDIT_CASE=matrix-f64-transpose MECH_AUDIT_REQUIRE_PASS=1 ./docs/design/grammar-audit/s8-replacement-audit/run-probes.sh semantic_replacement_witnesses	"[""true"", ""true""]"
matrix-f64-sum	matrix	pass	explicit-two-turn-predicate-or-value			MECH_AUDIT_CASE=matrix-f64-sum MECH_AUDIT_REQUIRE_PASS=1 ./docs/design/grammar-audit/s8-replacement-audit/run-probes.sh semantic_replacement_witnesses	"[""true"", ""true""]"
matrix-f64-matmul	matrix	pass	explicit-two-turn-predicate-or-value			MECH_AUDIT_CASE=matrix-f64-matmul MECH_AUDIT_REQUIRE_PASS=1 ./docs/design/grammar-audit/s8-replacement-audit/run-probes.sh semantic_replacement_witnesses	"[""true"", ""true""]"
matrix-c32-add	matrix	activation	explicit-two-turn-predicate-or-value	G01		MECH_AUDIT_CASE=matrix-c32-add MECH_AUDIT_REQUIRE_PASS=1 ./docs/design/grammar-audit/s8-replacement-audit/run-probes.sh semantic_replacement_witnesses	"[""true"", ""true""]"
matrix-c32-sub	matrix	activation	explicit-two-turn-predicate-or-value	G01		MECH_AUDIT_CASE=matrix-c32-sub MECH_AUDIT_REQUIRE_PASS=1 ./docs/design/grammar-audit/s8-replacement-audit/run-probes.sh semantic_replacement_witnesses	"[""true"", ""true""]"
matrix-c32-mul	matrix	activation	explicit-two-turn-predicate-or-value	G01		MECH_AUDIT_CASE=matrix-c32-mul MECH_AUDIT_REQUIRE_PASS=1 ./docs/design/grammar-audit/s8-replacement-audit/run-probes.sh semantic_replacement_witnesses	"[""true"", ""true""]"
matrix-c32-div	matrix	activation	explicit-two-turn-predicate-or-value	G01		MECH_AUDIT_CASE=matrix-c32-div MECH_AUDIT_REQUIRE_PASS=1 ./docs/design/grammar-audit/s8-replacement-audit/run-probes.sh semantic_replacement_witnesses	"[""true"", ""true""]"
matrix-c32-transpose	matrix	pass	explicit-two-turn-predicate-or-value			MECH_AUDIT_CASE=matrix-c32-transpose MECH_AUDIT_REQUIRE_PASS=1 ./docs/design/grammar-audit/s8-replacement-audit/run-probes.sh semantic_replacement_witnesses	"[""true"", ""true""]"
matrix-c32-sum	matrix	activation	explicit-two-turn-predicate-or-value	G01		MECH_AUDIT_CASE=matrix-c32-sum MECH_AUDIT_REQUIRE_PASS=1 ./docs/design/grammar-audit/s8-replacement-audit/run-probes.sh semantic_replacement_witnesses	"[""true"", ""true""]"
matrix-c32-matmul	matrix	activation	explicit-two-turn-predicate-or-value	G02		MECH_AUDIT_CASE=matrix-c32-matmul MECH_AUDIT_REQUIRE_PASS=1 ./docs/design/grammar-audit/s8-replacement-audit/run-probes.sh semantic_replacement_witnesses	"[""true"", ""true""]"
matrix-c64-add	matrix	pass	explicit-two-turn-predicate-or-value			MECH_AUDIT_CASE=matrix-c64-add MECH_AUDIT_REQUIRE_PASS=1 ./docs/design/grammar-audit/s8-replacement-audit/run-probes.sh semantic_replacement_witnesses	"[""true"", ""true""]"
matrix-c64-sub	matrix	pass	explicit-two-turn-predicate-or-value			MECH_AUDIT_CASE=matrix-c64-sub MECH_AUDIT_REQUIRE_PASS=1 ./docs/design/grammar-audit/s8-replacement-audit/run-probes.sh semantic_replacement_witnesses	"[""true"", ""true""]"
matrix-c64-mul	matrix	pass	explicit-two-turn-predicate-or-value			MECH_AUDIT_CASE=matrix-c64-mul MECH_AUDIT_REQUIRE_PASS=1 ./docs/design/grammar-audit/s8-replacement-audit/run-probes.sh semantic_replacement_witnesses	"[""true"", ""true""]"
matrix-c64-div	matrix	pass	explicit-two-turn-predicate-or-value			MECH_AUDIT_CASE=matrix-c64-div MECH_AUDIT_REQUIRE_PASS=1 ./docs/design/grammar-audit/s8-replacement-audit/run-probes.sh semantic_replacement_witnesses	"[""true"", ""true""]"
matrix-c64-transpose	matrix	pass	explicit-two-turn-predicate-or-value			MECH_AUDIT_CASE=matrix-c64-transpose MECH_AUDIT_REQUIRE_PASS=1 ./docs/design/grammar-audit/s8-replacement-audit/run-probes.sh semantic_replacement_witnesses	"[""true"", ""true""]"
matrix-c64-sum	matrix	pass	explicit-two-turn-predicate-or-value			MECH_AUDIT_CASE=matrix-c64-sum MECH_AUDIT_REQUIRE_PASS=1 ./docs/design/grammar-audit/s8-replacement-audit/run-probes.sh semantic_replacement_witnesses	"[""true"", ""true""]"
matrix-c64-matmul	matrix	activation	explicit-two-turn-predicate-or-value	G02		MECH_AUDIT_CASE=matrix-c64-matmul MECH_AUDIT_REQUIRE_PASS=1 ./docs/design/grammar-audit/s8-replacement-audit/run-probes.sh semantic_replacement_witnesses	"[""true"", ""true""]"
matrix-r64-add	matrix	pass	explicit-two-turn-predicate-or-value			MECH_AUDIT_CASE=matrix-r64-add MECH_AUDIT_REQUIRE_PASS=1 ./docs/design/grammar-audit/s8-replacement-audit/run-probes.sh semantic_replacement_witnesses	"[""true"", ""true""]"
matrix-r64-sub	matrix	pass	explicit-two-turn-predicate-or-value			MECH_AUDIT_CASE=matrix-r64-sub MECH_AUDIT_REQUIRE_PASS=1 ./docs/design/grammar-audit/s8-replacement-audit/run-probes.sh semantic_replacement_witnesses	"[""true"", ""true""]"
matrix-r64-mul	matrix	pass	explicit-two-turn-predicate-or-value			MECH_AUDIT_CASE=matrix-r64-mul MECH_AUDIT_REQUIRE_PASS=1 ./docs/design/grammar-audit/s8-replacement-audit/run-probes.sh semantic_replacement_witnesses	"[""true"", ""true""]"
matrix-r64-div	matrix	pass	explicit-two-turn-predicate-or-value			MECH_AUDIT_CASE=matrix-r64-div MECH_AUDIT_REQUIRE_PASS=1 ./docs/design/grammar-audit/s8-replacement-audit/run-probes.sh semantic_replacement_witnesses	"[""true"", ""true""]"
matrix-r64-transpose	matrix	pass	explicit-two-turn-predicate-or-value			MECH_AUDIT_CASE=matrix-r64-transpose MECH_AUDIT_REQUIRE_PASS=1 ./docs/design/grammar-audit/s8-replacement-audit/run-probes.sh semantic_replacement_witnesses	"[""true"", ""true""]"
matrix-r64-sum	matrix	pass	explicit-two-turn-predicate-or-value			MECH_AUDIT_CASE=matrix-r64-sum MECH_AUDIT_REQUIRE_PASS=1 ./docs/design/grammar-audit/s8-replacement-audit/run-probes.sh semantic_replacement_witnesses	"[""true"", ""true""]"
matrix-r64-matmul	matrix	activation	explicit-two-turn-predicate-or-value	G02		MECH_AUDIT_CASE=matrix-r64-matmul MECH_AUDIT_REQUIRE_PASS=1 ./docs/design/grammar-audit/s8-replacement-audit/run-probes.sh semantic_replacement_witnesses	"[""true"", ""true""]"
catalog-combinatorics-n-choose-k	catalog	pass	source-bytecode-equivalence-only		O03	MECH_AUDIT_CASE=catalog-combinatorics-n-choose-k MECH_AUDIT_REQUIRE_PASS=1 ./docs/design/grammar-audit/s8-replacement-audit/run-probes.sh semantic_replacement_witnesses	null
catalog-compare-eq	catalog	pass	source-bytecode-equivalence-only		O03	MECH_AUDIT_CASE=catalog-compare-eq MECH_AUDIT_REQUIRE_PASS=1 ./docs/design/grammar-audit/s8-replacement-audit/run-probes.sh semantic_replacement_witnesses	null
catalog-compare-gt	catalog	pass	source-bytecode-equivalence-only		O03	MECH_AUDIT_CASE=catalog-compare-gt MECH_AUDIT_REQUIRE_PASS=1 ./docs/design/grammar-audit/s8-replacement-audit/run-probes.sh semantic_replacement_witnesses	null
catalog-compare-gte	catalog	pass	source-bytecode-equivalence-only		O03	MECH_AUDIT_CASE=catalog-compare-gte MECH_AUDIT_REQUIRE_PASS=1 ./docs/design/grammar-audit/s8-replacement-audit/run-probes.sh semantic_replacement_witnesses	null
catalog-compare-lt	catalog	pass	source-bytecode-equivalence-only		O03	MECH_AUDIT_CASE=catalog-compare-lt MECH_AUDIT_REQUIRE_PASS=1 ./docs/design/grammar-audit/s8-replacement-audit/run-probes.sh semantic_replacement_witnesses	null
catalog-compare-lte	catalog	pass	source-bytecode-equivalence-only		O03	MECH_AUDIT_CASE=catalog-compare-lte MECH_AUDIT_REQUIRE_PASS=1 ./docs/design/grammar-audit/s8-replacement-audit/run-probes.sh semantic_replacement_witnesses	null
catalog-compare-max	catalog	activation	source-bytecode-equivalence-only	G03	O03	MECH_AUDIT_CASE=catalog-compare-max MECH_AUDIT_REQUIRE_PASS=1 ./docs/design/grammar-audit/s8-replacement-audit/run-probes.sh semantic_replacement_witnesses	null
catalog-compare-min	catalog	activation	source-bytecode-equivalence-only	G03	O03	MECH_AUDIT_CASE=catalog-compare-min MECH_AUDIT_REQUIRE_PASS=1 ./docs/design/grammar-audit/s8-replacement-audit/run-probes.sh semantic_replacement_witnesses	null
catalog-compare-neq	catalog	pass	source-bytecode-equivalence-only		O03	MECH_AUDIT_CASE=catalog-compare-neq MECH_AUDIT_REQUIRE_PASS=1 ./docs/design/grammar-audit/s8-replacement-audit/run-probes.sh semantic_replacement_witnesses	null
catalog-compare-seq	catalog	pass	source-bytecode-equivalence-only		O03	MECH_AUDIT_CASE=catalog-compare-seq MECH_AUDIT_REQUIRE_PASS=1 ./docs/design/grammar-audit/s8-replacement-audit/run-probes.sh semantic_replacement_witnesses	null
catalog-compare-sneq	catalog	pass	source-bytecode-equivalence-only		O03	MECH_AUDIT_CASE=catalog-compare-sneq MECH_AUDIT_REQUIRE_PASS=1 ./docs/design/grammar-audit/s8-replacement-audit/run-probes.sh semantic_replacement_witnesses	null
catalog-logic-and	catalog	pass	source-bytecode-equivalence-only		O03	MECH_AUDIT_CASE=catalog-logic-and MECH_AUDIT_REQUIRE_PASS=1 ./docs/design/grammar-audit/s8-replacement-audit/run-probes.sh semantic_replacement_witnesses	null
catalog-logic-not	catalog	pass	source-bytecode-equivalence-only		O03	MECH_AUDIT_CASE=catalog-logic-not MECH_AUDIT_REQUIRE_PASS=1 ./docs/design/grammar-audit/s8-replacement-audit/run-probes.sh semantic_replacement_witnesses	null
catalog-logic-or	catalog	pass	source-bytecode-equivalence-only		O03	MECH_AUDIT_CASE=catalog-logic-or MECH_AUDIT_REQUIRE_PASS=1 ./docs/design/grammar-audit/s8-replacement-audit/run-probes.sh semantic_replacement_witnesses	null
catalog-logic-xor	catalog	pass	source-bytecode-equivalence-only		O03	MECH_AUDIT_CASE=catalog-logic-xor MECH_AUDIT_REQUIRE_PASS=1 ./docs/design/grammar-audit/s8-replacement-audit/run-probes.sh semantic_replacement_witnesses	null
catalog-math-abs	catalog	pass	source-bytecode-equivalence-only		O03	MECH_AUDIT_CASE=catalog-math-abs MECH_AUDIT_REQUIRE_PASS=1 ./docs/design/grammar-audit/s8-replacement-audit/run-probes.sh semantic_replacement_witnesses	null
catalog-math-acos	catalog	pass	source-bytecode-equivalence-only		O03	MECH_AUDIT_CASE=catalog-math-acos MECH_AUDIT_REQUIRE_PASS=1 ./docs/design/grammar-audit/s8-replacement-audit/run-probes.sh semantic_replacement_witnesses	null
catalog-math-acosh	catalog	pass	source-bytecode-equivalence-only		O03	MECH_AUDIT_CASE=catalog-math-acosh MECH_AUDIT_REQUIRE_PASS=1 ./docs/design/grammar-audit/s8-replacement-audit/run-probes.sh semantic_replacement_witnesses	null
catalog-math-acot	catalog	pass	source-bytecode-equivalence-only		O03	MECH_AUDIT_CASE=catalog-math-acot MECH_AUDIT_REQUIRE_PASS=1 ./docs/design/grammar-audit/s8-replacement-audit/run-probes.sh semantic_replacement_witnesses	null
catalog-math-acsc	catalog	pass	source-bytecode-equivalence-only		O03	MECH_AUDIT_CASE=catalog-math-acsc MECH_AUDIT_REQUIRE_PASS=1 ./docs/design/grammar-audit/s8-replacement-audit/run-probes.sh semantic_replacement_witnesses	null
catalog-math-add	catalog	pass	source-bytecode-equivalence-only		O03	MECH_AUDIT_CASE=catalog-math-add MECH_AUDIT_REQUIRE_PASS=1 ./docs/design/grammar-audit/s8-replacement-audit/run-probes.sh semantic_replacement_witnesses	null
catalog-math-add-assign	catalog	pass	source-bytecode-equivalence-only		O03	MECH_AUDIT_CASE=catalog-math-add-assign MECH_AUDIT_REQUIRE_PASS=1 ./docs/design/grammar-audit/s8-replacement-audit/run-probes.sh semantic_replacement_witnesses	null
catalog-math-add-assign-range	catalog	pass	source-bytecode-equivalence-only		O03	MECH_AUDIT_CASE=catalog-math-add-assign-range MECH_AUDIT_REQUIRE_PASS=1 ./docs/design/grammar-audit/s8-replacement-audit/run-probes.sh semantic_replacement_witnesses	null
catalog-math-add-assign-range-all	catalog	pass	source-bytecode-equivalence-only		O03	MECH_AUDIT_CASE=catalog-math-add-assign-range-all MECH_AUDIT_REQUIRE_PASS=1 ./docs/design/grammar-audit/s8-replacement-audit/run-probes.sh semantic_replacement_witnesses	null
catalog-math-asec	catalog	pass	source-bytecode-equivalence-only		O03	MECH_AUDIT_CASE=catalog-math-asec MECH_AUDIT_REQUIRE_PASS=1 ./docs/design/grammar-audit/s8-replacement-audit/run-probes.sh semantic_replacement_witnesses	null
catalog-math-asin	catalog	pass	source-bytecode-equivalence-only		O03	MECH_AUDIT_CASE=catalog-math-asin MECH_AUDIT_REQUIRE_PASS=1 ./docs/design/grammar-audit/s8-replacement-audit/run-probes.sh semantic_replacement_witnesses	null
catalog-math-asinh	catalog	pass	source-bytecode-equivalence-only		O03	MECH_AUDIT_CASE=catalog-math-asinh MECH_AUDIT_REQUIRE_PASS=1 ./docs/design/grammar-audit/s8-replacement-audit/run-probes.sh semantic_replacement_witnesses	null
catalog-math-atan	catalog	pass	source-bytecode-equivalence-only		O03	MECH_AUDIT_CASE=catalog-math-atan MECH_AUDIT_REQUIRE_PASS=1 ./docs/design/grammar-audit/s8-replacement-audit/run-probes.sh semantic_replacement_witnesses	null
catalog-math-atan2	catalog	pass	source-bytecode-equivalence-only		O03	MECH_AUDIT_CASE=catalog-math-atan2 MECH_AUDIT_REQUIRE_PASS=1 ./docs/design/grammar-audit/s8-replacement-audit/run-probes.sh semantic_replacement_witnesses	null
catalog-math-atanh	catalog	pass	source-bytecode-equivalence-only		O03	MECH_AUDIT_CASE=catalog-math-atanh MECH_AUDIT_REQUIRE_PASS=1 ./docs/design/grammar-audit/s8-replacement-audit/run-probes.sh semantic_replacement_witnesses	null
catalog-math-bessel-j0	catalog	pass	source-bytecode-equivalence-only		O03	MECH_AUDIT_CASE=catalog-math-bessel-j0 MECH_AUDIT_REQUIRE_PASS=1 ./docs/design/grammar-audit/s8-replacement-audit/run-probes.sh semantic_replacement_witnesses	null
catalog-math-bessel-j1	catalog	pass	source-bytecode-equivalence-only		O03	MECH_AUDIT_CASE=catalog-math-bessel-j1 MECH_AUDIT_REQUIRE_PASS=1 ./docs/design/grammar-audit/s8-replacement-audit/run-probes.sh semantic_replacement_witnesses	null
catalog-math-bessel-jn	catalog	pass	source-bytecode-equivalence-only		O03	MECH_AUDIT_CASE=catalog-math-bessel-jn MECH_AUDIT_REQUIRE_PASS=1 ./docs/design/grammar-audit/s8-replacement-audit/run-probes.sh semantic_replacement_witnesses	null
catalog-math-bessel-y0	catalog	pass	source-bytecode-equivalence-only		O03	MECH_AUDIT_CASE=catalog-math-bessel-y0 MECH_AUDIT_REQUIRE_PASS=1 ./docs/design/grammar-audit/s8-replacement-audit/run-probes.sh semantic_replacement_witnesses	null
catalog-math-bessel-y1	catalog	pass	source-bytecode-equivalence-only		O03	MECH_AUDIT_CASE=catalog-math-bessel-y1 MECH_AUDIT_REQUIRE_PASS=1 ./docs/design/grammar-audit/s8-replacement-audit/run-probes.sh semantic_replacement_witnesses	null
catalog-math-bessel-yn	catalog	pass	source-bytecode-equivalence-only		O03	MECH_AUDIT_CASE=catalog-math-bessel-yn MECH_AUDIT_REQUIRE_PASS=1 ./docs/design/grammar-audit/s8-replacement-audit/run-probes.sh semantic_replacement_witnesses	null
catalog-math-cbrt	catalog	pass	source-bytecode-equivalence-only		O03	MECH_AUDIT_CASE=catalog-math-cbrt MECH_AUDIT_REQUIRE_PASS=1 ./docs/design/grammar-audit/s8-replacement-audit/run-probes.sh semantic_replacement_witnesses	null
catalog-math-ceil	catalog	pass	source-bytecode-equivalence-only		O03	MECH_AUDIT_CASE=catalog-math-ceil MECH_AUDIT_REQUIRE_PASS=1 ./docs/design/grammar-audit/s8-replacement-audit/run-probes.sh semantic_replacement_witnesses	null
catalog-math-copysign	catalog	pass	source-bytecode-equivalence-only		O03	MECH_AUDIT_CASE=catalog-math-copysign MECH_AUDIT_REQUIRE_PASS=1 ./docs/design/grammar-audit/s8-replacement-audit/run-probes.sh semantic_replacement_witnesses	null
catalog-math-cos	catalog	pass	source-bytecode-equivalence-only		O03	MECH_AUDIT_CASE=catalog-math-cos MECH_AUDIT_REQUIRE_PASS=1 ./docs/design/grammar-audit/s8-replacement-audit/run-probes.sh semantic_replacement_witnesses	null
catalog-math-cosh	catalog	pass	source-bytecode-equivalence-only		O03	MECH_AUDIT_CASE=catalog-math-cosh MECH_AUDIT_REQUIRE_PASS=1 ./docs/design/grammar-audit/s8-replacement-audit/run-probes.sh semantic_replacement_witnesses	null
catalog-math-cot	catalog	pass	source-bytecode-equivalence-only		O03	MECH_AUDIT_CASE=catalog-math-cot MECH_AUDIT_REQUIRE_PASS=1 ./docs/design/grammar-audit/s8-replacement-audit/run-probes.sh semantic_replacement_witnesses	null
catalog-math-csc	catalog	pass	source-bytecode-equivalence-only		O03	MECH_AUDIT_CASE=catalog-math-csc MECH_AUDIT_REQUIRE_PASS=1 ./docs/design/grammar-audit/s8-replacement-audit/run-probes.sh semantic_replacement_witnesses	null
catalog-math-div	catalog	pass	source-bytecode-equivalence-only		O03	MECH_AUDIT_CASE=catalog-math-div MECH_AUDIT_REQUIRE_PASS=1 ./docs/design/grammar-audit/s8-replacement-audit/run-probes.sh semantic_replacement_witnesses	null
catalog-math-div-assign	catalog	pass	source-bytecode-equivalence-only		O03	MECH_AUDIT_CASE=catalog-math-div-assign MECH_AUDIT_REQUIRE_PASS=1 ./docs/design/grammar-audit/s8-replacement-audit/run-probes.sh semantic_replacement_witnesses	null
catalog-math-div-assign-range	catalog	pass	source-bytecode-equivalence-only		O03	MECH_AUDIT_CASE=catalog-math-div-assign-range MECH_AUDIT_REQUIRE_PASS=1 ./docs/design/grammar-audit/s8-replacement-audit/run-probes.sh semantic_replacement_witnesses	null
catalog-math-div-assign-range-all	catalog	pass	source-bytecode-equivalence-only		O03	MECH_AUDIT_CASE=catalog-math-div-assign-range-all MECH_AUDIT_REQUIRE_PASS=1 ./docs/design/grammar-audit/s8-replacement-audit/run-probes.sh semantic_replacement_witnesses	null
catalog-math-erf	catalog	pass	source-bytecode-equivalence-only		O03	MECH_AUDIT_CASE=catalog-math-erf MECH_AUDIT_REQUIRE_PASS=1 ./docs/design/grammar-audit/s8-replacement-audit/run-probes.sh semantic_replacement_witnesses	null
catalog-math-erfc	catalog	pass	source-bytecode-equivalence-only		O03	MECH_AUDIT_CASE=catalog-math-erfc MECH_AUDIT_REQUIRE_PASS=1 ./docs/design/grammar-audit/s8-replacement-audit/run-probes.sh semantic_replacement_witnesses	null
catalog-math-fdim	catalog	pass	source-bytecode-equivalence-only		O03	MECH_AUDIT_CASE=catalog-math-fdim MECH_AUDIT_REQUIRE_PASS=1 ./docs/design/grammar-audit/s8-replacement-audit/run-probes.sh semantic_replacement_witnesses	null
catalog-math-floor	catalog	pass	source-bytecode-equivalence-only		O03	MECH_AUDIT_CASE=catalog-math-floor MECH_AUDIT_REQUIRE_PASS=1 ./docs/design/grammar-audit/s8-replacement-audit/run-probes.sh semantic_replacement_witnesses	null
catalog-math-fmod	catalog	pass	source-bytecode-equivalence-only		O03	MECH_AUDIT_CASE=catalog-math-fmod MECH_AUDIT_REQUIRE_PASS=1 ./docs/design/grammar-audit/s8-replacement-audit/run-probes.sh semantic_replacement_witnesses	null
catalog-math-lgamma	catalog	pass	source-bytecode-equivalence-only		O03	MECH_AUDIT_CASE=catalog-math-lgamma MECH_AUDIT_REQUIRE_PASS=1 ./docs/design/grammar-audit/s8-replacement-audit/run-probes.sh semantic_replacement_witnesses	null
catalog-math-log	catalog	pass	source-bytecode-equivalence-only		O03	MECH_AUDIT_CASE=catalog-math-log MECH_AUDIT_REQUIRE_PASS=1 ./docs/design/grammar-audit/s8-replacement-audit/run-probes.sh semantic_replacement_witnesses	null
catalog-math-log10	catalog	pass	source-bytecode-equivalence-only		O03	MECH_AUDIT_CASE=catalog-math-log10 MECH_AUDIT_REQUIRE_PASS=1 ./docs/design/grammar-audit/s8-replacement-audit/run-probes.sh semantic_replacement_witnesses	null
catalog-math-log1p	catalog	pass	source-bytecode-equivalence-only		O03	MECH_AUDIT_CASE=catalog-math-log1p MECH_AUDIT_REQUIRE_PASS=1 ./docs/design/grammar-audit/s8-replacement-audit/run-probes.sh semantic_replacement_witnesses	null
catalog-math-log2	catalog	pass	source-bytecode-equivalence-only		O03	MECH_AUDIT_CASE=catalog-math-log2 MECH_AUDIT_REQUIRE_PASS=1 ./docs/design/grammar-audit/s8-replacement-audit/run-probes.sh semantic_replacement_witnesses	null
catalog-math-mod	catalog	pass	source-bytecode-equivalence-only		O03	MECH_AUDIT_CASE=catalog-math-mod MECH_AUDIT_REQUIRE_PASS=1 ./docs/design/grammar-audit/s8-replacement-audit/run-probes.sh semantic_replacement_witnesses	null
catalog-math-mul	catalog	pass	source-bytecode-equivalence-only		O03	MECH_AUDIT_CASE=catalog-math-mul MECH_AUDIT_REQUIRE_PASS=1 ./docs/design/grammar-audit/s8-replacement-audit/run-probes.sh semantic_replacement_witnesses	null
catalog-math-mul-assign-range	catalog	pass	source-bytecode-equivalence-only		O03	MECH_AUDIT_CASE=catalog-math-mul-assign-range MECH_AUDIT_REQUIRE_PASS=1 ./docs/design/grammar-audit/s8-replacement-audit/run-probes.sh semantic_replacement_witnesses	null
catalog-math-mul-assign-range-all	catalog	pass	source-bytecode-equivalence-only		O03	MECH_AUDIT_CASE=catalog-math-mul-assign-range-all MECH_AUDIT_REQUIRE_PASS=1 ./docs/design/grammar-audit/s8-replacement-audit/run-probes.sh semantic_replacement_witnesses	null
catalog-math-neg	catalog	pass	source-bytecode-equivalence-only		O03	MECH_AUDIT_CASE=catalog-math-neg MECH_AUDIT_REQUIRE_PASS=1 ./docs/design/grammar-audit/s8-replacement-audit/run-probes.sh semantic_replacement_witnesses	null
catalog-math-nextafter	catalog	pass	source-bytecode-equivalence-only		O03	MECH_AUDIT_CASE=catalog-math-nextafter MECH_AUDIT_REQUIRE_PASS=1 ./docs/design/grammar-audit/s8-replacement-audit/run-probes.sh semantic_replacement_witnesses	null
catalog-math-pow	catalog	pass	source-bytecode-equivalence-only		O03	MECH_AUDIT_CASE=catalog-math-pow MECH_AUDIT_REQUIRE_PASS=1 ./docs/design/grammar-audit/s8-replacement-audit/run-probes.sh semantic_replacement_witnesses	null
catalog-math-remainder	catalog	pass	source-bytecode-equivalence-only		O03	MECH_AUDIT_CASE=catalog-math-remainder MECH_AUDIT_REQUIRE_PASS=1 ./docs/design/grammar-audit/s8-replacement-audit/run-probes.sh semantic_replacement_witnesses	null
catalog-math-rint	catalog	pass	source-bytecode-equivalence-only		O03	MECH_AUDIT_CASE=catalog-math-rint MECH_AUDIT_REQUIRE_PASS=1 ./docs/design/grammar-audit/s8-replacement-audit/run-probes.sh semantic_replacement_witnesses	null
catalog-math-round	catalog	pass	source-bytecode-equivalence-only		O03	MECH_AUDIT_CASE=catalog-math-round MECH_AUDIT_REQUIRE_PASS=1 ./docs/design/grammar-audit/s8-replacement-audit/run-probes.sh semantic_replacement_witnesses	null
catalog-math-roundeven	catalog	pass	source-bytecode-equivalence-only		O03	MECH_AUDIT_CASE=catalog-math-roundeven MECH_AUDIT_REQUIRE_PASS=1 ./docs/design/grammar-audit/s8-replacement-audit/run-probes.sh semantic_replacement_witnesses	null
catalog-math-sec	catalog	pass	source-bytecode-equivalence-only		O03	MECH_AUDIT_CASE=catalog-math-sec MECH_AUDIT_REQUIRE_PASS=1 ./docs/design/grammar-audit/s8-replacement-audit/run-probes.sh semantic_replacement_witnesses	null
catalog-math-sin	catalog	pass	source-bytecode-equivalence-only		O03	MECH_AUDIT_CASE=catalog-math-sin MECH_AUDIT_REQUIRE_PASS=1 ./docs/design/grammar-audit/s8-replacement-audit/run-probes.sh semantic_replacement_witnesses	null
catalog-math-sinh	catalog	pass	source-bytecode-equivalence-only		O03	MECH_AUDIT_CASE=catalog-math-sinh MECH_AUDIT_REQUIRE_PASS=1 ./docs/design/grammar-audit/s8-replacement-audit/run-probes.sh semantic_replacement_witnesses	null
catalog-math-sqrt	catalog	pass	source-bytecode-equivalence-only		O03	MECH_AUDIT_CASE=catalog-math-sqrt MECH_AUDIT_REQUIRE_PASS=1 ./docs/design/grammar-audit/s8-replacement-audit/run-probes.sh semantic_replacement_witnesses	null
catalog-math-sub	catalog	pass	source-bytecode-equivalence-only		O03	MECH_AUDIT_CASE=catalog-math-sub MECH_AUDIT_REQUIRE_PASS=1 ./docs/design/grammar-audit/s8-replacement-audit/run-probes.sh semantic_replacement_witnesses	null
catalog-math-sub-assign	catalog	pass	source-bytecode-equivalence-only		O03	MECH_AUDIT_CASE=catalog-math-sub-assign MECH_AUDIT_REQUIRE_PASS=1 ./docs/design/grammar-audit/s8-replacement-audit/run-probes.sh semantic_replacement_witnesses	null
catalog-math-sub-assign-range	catalog	pass	source-bytecode-equivalence-only		O03	MECH_AUDIT_CASE=catalog-math-sub-assign-range MECH_AUDIT_REQUIRE_PASS=1 ./docs/design/grammar-audit/s8-replacement-audit/run-probes.sh semantic_replacement_witnesses	null
catalog-math-sub-assign-range-all	catalog	pass	source-bytecode-equivalence-only		O03	MECH_AUDIT_CASE=catalog-math-sub-assign-range-all MECH_AUDIT_REQUIRE_PASS=1 ./docs/design/grammar-audit/s8-replacement-audit/run-probes.sh semantic_replacement_witnesses	null
catalog-math-tan	catalog	pass	source-bytecode-equivalence-only		O03	MECH_AUDIT_CASE=catalog-math-tan MECH_AUDIT_REQUIRE_PASS=1 ./docs/design/grammar-audit/s8-replacement-audit/run-probes.sh semantic_replacement_witnesses	null
catalog-math-tanh	catalog	pass	source-bytecode-equivalence-only		O03	MECH_AUDIT_CASE=catalog-math-tanh MECH_AUDIT_REQUIRE_PASS=1 ./docs/design/grammar-audit/s8-replacement-audit/run-probes.sh semantic_replacement_witnesses	null
catalog-math-tgamma	catalog	pass	source-bytecode-equivalence-only		O03	MECH_AUDIT_CASE=catalog-math-tgamma MECH_AUDIT_REQUIRE_PASS=1 ./docs/design/grammar-audit/s8-replacement-audit/run-probes.sh semantic_replacement_witnesses	null
catalog-math-trunc	catalog	pass	source-bytecode-equivalence-only		O03	MECH_AUDIT_CASE=catalog-math-trunc MECH_AUDIT_REQUIRE_PASS=1 ./docs/design/grammar-audit/s8-replacement-audit/run-probes.sh semantic_replacement_witnesses	null
catalog-matrix-comprehension	catalog	pass	source-bytecode-equivalence-only		O03	MECH_AUDIT_CASE=catalog-matrix-comprehension MECH_AUDIT_REQUIRE_PASS=1 ./docs/design/grammar-audit/s8-replacement-audit/run-probes.sh semantic_replacement_witnesses	null
catalog-matrix-dot	catalog	pass	source-bytecode-equivalence-only		O03	MECH_AUDIT_CASE=catalog-matrix-dot MECH_AUDIT_REQUIRE_PASS=1 ./docs/design/grammar-audit/s8-replacement-audit/run-probes.sh semantic_replacement_witnesses	null
catalog-matrix-horzcat	catalog	pass	source-bytecode-equivalence-only		O03	MECH_AUDIT_CASE=catalog-matrix-horzcat MECH_AUDIT_REQUIRE_PASS=1 ./docs/design/grammar-audit/s8-replacement-audit/run-probes.sh semantic_replacement_witnesses	null
catalog-matrix-matmul	catalog	pass	source-bytecode-equivalence-only		O03	MECH_AUDIT_CASE=catalog-matrix-matmul MECH_AUDIT_REQUIRE_PASS=1 ./docs/design/grammar-audit/s8-replacement-audit/run-probes.sh semantic_replacement_witnesses	null
catalog-matrix-solve	catalog	pass	source-bytecode-equivalence-only		O03	MECH_AUDIT_CASE=catalog-matrix-solve MECH_AUDIT_REQUIRE_PASS=1 ./docs/design/grammar-audit/s8-replacement-audit/run-probes.sh semantic_replacement_witnesses	null
catalog-matrix-transpose	catalog	pass	source-bytecode-equivalence-only		O03	MECH_AUDIT_CASE=catalog-matrix-transpose MECH_AUDIT_REQUIRE_PASS=1 ./docs/design/grammar-audit/s8-replacement-audit/run-probes.sh semantic_replacement_witnesses	null
catalog-matrix-vertcat	catalog	pass	source-bytecode-equivalence-only		O03	MECH_AUDIT_CASE=catalog-matrix-vertcat MECH_AUDIT_REQUIRE_PASS=1 ./docs/design/grammar-audit/s8-replacement-audit/run-probes.sh semantic_replacement_witnesses	null
catalog-range-exclusive	catalog	pass	source-bytecode-equivalence-only		O03	MECH_AUDIT_CASE=catalog-range-exclusive MECH_AUDIT_REQUIRE_PASS=1 ./docs/design/grammar-audit/s8-replacement-audit/run-probes.sh semantic_replacement_witnesses	null
catalog-range-exclusive-increment	catalog	pass	source-bytecode-equivalence-only		O03	MECH_AUDIT_CASE=catalog-range-exclusive-increment MECH_AUDIT_REQUIRE_PASS=1 ./docs/design/grammar-audit/s8-replacement-audit/run-probes.sh semantic_replacement_witnesses	null
catalog-range-inclusive	catalog	pass	source-bytecode-equivalence-only		O03	MECH_AUDIT_CASE=catalog-range-inclusive MECH_AUDIT_REQUIRE_PASS=1 ./docs/design/grammar-audit/s8-replacement-audit/run-probes.sh semantic_replacement_witnesses	null
catalog-range-inclusive-increment	catalog	pass	source-bytecode-equivalence-only		O03	MECH_AUDIT_CASE=catalog-range-inclusive-increment MECH_AUDIT_REQUIRE_PASS=1 ./docs/design/grammar-audit/s8-replacement-audit/run-probes.sh semantic_replacement_witnesses	null
catalog-set-cartesian-product	catalog	pass	source-bytecode-equivalence-only		O03	MECH_AUDIT_CASE=catalog-set-cartesian-product MECH_AUDIT_REQUIRE_PASS=1 ./docs/design/grammar-audit/s8-replacement-audit/run-probes.sh semantic_replacement_witnesses	null
catalog-set-comprehension	catalog	pass	source-bytecode-equivalence-only		O03	MECH_AUDIT_CASE=catalog-set-comprehension MECH_AUDIT_REQUIRE_PASS=1 ./docs/design/grammar-audit/s8-replacement-audit/run-probes.sh semantic_replacement_witnesses	null
catalog-set-define	catalog	pass	source-bytecode-equivalence-only		O03	MECH_AUDIT_CASE=catalog-set-define MECH_AUDIT_REQUIRE_PASS=1 ./docs/design/grammar-audit/s8-replacement-audit/run-probes.sh semantic_replacement_witnesses	null
catalog-set-difference	catalog	pass	source-bytecode-equivalence-only		O03	MECH_AUDIT_CASE=catalog-set-difference MECH_AUDIT_REQUIRE_PASS=1 ./docs/design/grammar-audit/s8-replacement-audit/run-probes.sh semantic_replacement_witnesses	null
catalog-set-disjoint	catalog	pass	source-bytecode-equivalence-only		O03	MECH_AUDIT_CASE=catalog-set-disjoint MECH_AUDIT_REQUIRE_PASS=1 ./docs/design/grammar-audit/s8-replacement-audit/run-probes.sh semantic_replacement_witnesses	null
catalog-set-element-of	catalog	pass	source-bytecode-equivalence-only		O03	MECH_AUDIT_CASE=catalog-set-element-of MECH_AUDIT_REQUIRE_PASS=1 ./docs/design/grammar-audit/s8-replacement-audit/run-probes.sh semantic_replacement_witnesses	null
catalog-set-equals	catalog	pass	source-bytecode-equivalence-only		O03	MECH_AUDIT_CASE=catalog-set-equals MECH_AUDIT_REQUIRE_PASS=1 ./docs/design/grammar-audit/s8-replacement-audit/run-probes.sh semantic_replacement_witnesses	null
catalog-set-insert	catalog	pass	source-bytecode-equivalence-only		O03	MECH_AUDIT_CASE=catalog-set-insert MECH_AUDIT_REQUIRE_PASS=1 ./docs/design/grammar-audit/s8-replacement-audit/run-probes.sh semantic_replacement_witnesses	null
catalog-set-intersection	catalog	pass	source-bytecode-equivalence-only		O03	MECH_AUDIT_CASE=catalog-set-intersection MECH_AUDIT_REQUIRE_PASS=1 ./docs/design/grammar-audit/s8-replacement-audit/run-probes.sh semantic_replacement_witnesses	null
catalog-set-not-element-of	catalog	pass	source-bytecode-equivalence-only		O03	MECH_AUDIT_CASE=catalog-set-not-element-of MECH_AUDIT_REQUIRE_PASS=1 ./docs/design/grammar-audit/s8-replacement-audit/run-probes.sh semantic_replacement_witnesses	null
catalog-set-not_equals	catalog	pass	explicit-two-turn-predicate-or-value			MECH_AUDIT_CASE=catalog-set-not_equals MECH_AUDIT_REQUIRE_PASS=1 ./docs/design/grammar-audit/s8-replacement-audit/run-probes.sh semantic_replacement_witnesses	"[""true"", ""true""]"
catalog-set-powerset	catalog	pass	source-bytecode-equivalence-only		O03	MECH_AUDIT_CASE=catalog-set-powerset MECH_AUDIT_REQUIRE_PASS=1 ./docs/design/grammar-audit/s8-replacement-audit/run-probes.sh semantic_replacement_witnesses	null
catalog-set-proper-superset	catalog	pass	source-bytecode-equivalence-only		O03	MECH_AUDIT_CASE=catalog-set-proper-superset MECH_AUDIT_REQUIRE_PASS=1 ./docs/design/grammar-audit/s8-replacement-audit/run-probes.sh semantic_replacement_witnesses	null
catalog-set-proper_subset	catalog	pass	explicit-two-turn-predicate-or-value			MECH_AUDIT_CASE=catalog-set-proper_subset MECH_AUDIT_REQUIRE_PASS=1 ./docs/design/grammar-audit/s8-replacement-audit/run-probes.sh semantic_replacement_witnesses	"[""true"", ""true""]"
catalog-set-remove	catalog	pass	source-bytecode-equivalence-only		O03	MECH_AUDIT_CASE=catalog-set-remove MECH_AUDIT_REQUIRE_PASS=1 ./docs/design/grammar-audit/s8-replacement-audit/run-probes.sh semantic_replacement_witnesses	null
catalog-set-size	catalog	pass	source-bytecode-equivalence-only		O03	MECH_AUDIT_CASE=catalog-set-size MECH_AUDIT_REQUIRE_PASS=1 ./docs/design/grammar-audit/s8-replacement-audit/run-probes.sh semantic_replacement_witnesses	null
catalog-set-subset	catalog	pass	source-bytecode-equivalence-only		O03	MECH_AUDIT_CASE=catalog-set-subset MECH_AUDIT_REQUIRE_PASS=1 ./docs/design/grammar-audit/s8-replacement-audit/run-probes.sh semantic_replacement_witnesses	null
catalog-set-superset	catalog	pass	source-bytecode-equivalence-only		O03	MECH_AUDIT_CASE=catalog-set-superset MECH_AUDIT_REQUIRE_PASS=1 ./docs/design/grammar-audit/s8-replacement-audit/run-probes.sh semantic_replacement_witnesses	null
catalog-set-symmetric-difference	catalog	pass	source-bytecode-equivalence-only		O03	MECH_AUDIT_CASE=catalog-set-symmetric-difference MECH_AUDIT_REQUIRE_PASS=1 ./docs/design/grammar-audit/s8-replacement-audit/run-probes.sh semantic_replacement_witnesses	null
catalog-set-union	catalog	pass	source-bytecode-equivalence-only		O03	MECH_AUDIT_CASE=catalog-set-union MECH_AUDIT_REQUIRE_PASS=1 ./docs/design/grammar-audit/s8-replacement-audit/run-probes.sh semantic_replacement_witnesses	null
catalog-stats-sum-column	catalog	pass	source-bytecode-equivalence-only		O03	MECH_AUDIT_CASE=catalog-stats-sum-column MECH_AUDIT_REQUIRE_PASS=1 ./docs/design/grammar-audit/s8-replacement-audit/run-probes.sh semantic_replacement_witnesses	null
catalog-stats-sum-row	catalog	pass	source-bytecode-equivalence-only		O03	MECH_AUDIT_CASE=catalog-stats-sum-row MECH_AUDIT_REQUIRE_PASS=1 ./docs/design/grammar-audit/s8-replacement-audit/run-probes.sh semantic_replacement_witnesses	null
catalog-string-concat	catalog	pass	source-bytecode-equivalence-only		O03	MECH_AUDIT_CASE=catalog-string-concat MECH_AUDIT_REQUIRE_PASS=1 ./docs/design/grammar-audit/s8-replacement-audit/run-probes.sh semantic_replacement_witnesses	null
catalog-table-full-outer-join	catalog	pass	source-bytecode-equivalence-only		O03	MECH_AUDIT_CASE=catalog-table-full-outer-join MECH_AUDIT_REQUIRE_PASS=1 ./docs/design/grammar-audit/s8-replacement-audit/run-probes.sh semantic_replacement_witnesses	null
catalog-table-join	catalog	pass	source-bytecode-equivalence-only		O03	MECH_AUDIT_CASE=catalog-table-join MECH_AUDIT_REQUIRE_PASS=1 ./docs/design/grammar-audit/s8-replacement-audit/run-probes.sh semantic_replacement_witnesses	null
catalog-table-left-anti-join	catalog	pass	source-bytecode-equivalence-only		O03	MECH_AUDIT_CASE=catalog-table-left-anti-join MECH_AUDIT_REQUIRE_PASS=1 ./docs/design/grammar-audit/s8-replacement-audit/run-probes.sh semantic_replacement_witnesses	null
catalog-table-left-outer-join	catalog	pass	source-bytecode-equivalence-only		O03	MECH_AUDIT_CASE=catalog-table-left-outer-join MECH_AUDIT_REQUIRE_PASS=1 ./docs/design/grammar-audit/s8-replacement-audit/run-probes.sh semantic_replacement_witnesses	null
catalog-table-left-semi-join	catalog	pass	source-bytecode-equivalence-only		O03	MECH_AUDIT_CASE=catalog-table-left-semi-join MECH_AUDIT_REQUIRE_PASS=1 ./docs/design/grammar-audit/s8-replacement-audit/run-probes.sh semantic_replacement_witnesses	null
catalog-table-right-outer-join	catalog	pass	source-bytecode-equivalence-only		O03	MECH_AUDIT_CASE=catalog-table-right-outer-join MECH_AUDIT_REQUIRE_PASS=1 ./docs/design/grammar-audit/s8-replacement-audit/run-probes.sh semantic_replacement_witnesses	null
statement-recursion	semantic	lowering	explicit-two-turn-predicate-or-value	G20		MECH_AUDIT_CASE=statement-recursion MECH_AUDIT_REQUIRE_PASS=1 ./docs/design/grammar-audit/s8-replacement-audit/run-probes.sh semantic_replacement_witnesses	"[""120"", ""120""]"
